type,original_path,slug,safe_path
ebook,ebooks/-la-charte-des-relations-sacr√©es-de-la-nouvelle-terre.html,la-charte-des-relations-sacrees-de-la-nouvelle-terre.html,ebooks/la-charte-des-relations-sacrees-de-la-nouvelle-terre.html
ebook,ebooks/ableton-elevation-dj-id01ts-complete-guide-to-building-hits-and-elevating-your-sound.html,ableton-elevation-dj-id01ts-complete-guide-to-building-hits-and-elevating-your-sound.html,ebooks/ableton-elevation-dj-id01ts-complete-guide-to-building-hits-and-elevating-your-sound.html
ebook,ebooks/advanced-tactics-psychological-play-and-tournament-preparation.html,advanced-tactics-psychological-play-and-tournament-preparation.html,ebooks/advanced-tactics-psychological-play-and-tournament-preparation.html
ebook,ebooks/agentic-ai-sprint-for-solopreneurs.html,agentic-ai-sprint-for-solopreneurs.html,ebooks/agentic-ai-sprint-for-solopreneurs.html
ebook,ebooks/ai-cash-code.html,ai-cash-code.html,ebooks/ai-cash-code.html
ebook,ebooks/ai-cash-empire.html,ai-cash-empire.html,ebooks/ai-cash-empire.html
ebook,ebooks/ai-goldmine-100-passive-income-ideas-using-chatgpt-and-free-ai-tools.html,ai-goldmine-100-passive-income-ideas-using-chatgpt-and-free-ai-tools.html,ebooks/ai-goldmine-100-passive-income-ideas-using-chatgpt-and-free-ai-tools.html
ebook,ebooks/ai-in-education.html,ai-in-education.html,ebooks/ai-in-education.html
ebook,ebooks/ai-revolution-how-automation-is-transforming-everyday-life-edition-2-2025.html,ai-revolution-how-automation-is-transforming-everyday-life-edition-2-2025.html,ebooks/ai-revolution-how-automation-is-transforming-everyday-life-edition-2-2025.html
ebook,ebooks/ai-revolution-how-automation-is-transforming-everyday-life.html,ai-revolution-how-automation-is-transforming-everyday-life.html,ebooks/ai-revolution-how-automation-is-transforming-everyday-life.html
ebook,ebooks/ai-today-transforming-lives-and-industries-for-the-future.html,ai-today-transforming-lives-and-industries-for-the-future.html,ebooks/ai-today-transforming-lives-and-industries-for-the-future.html
ebook,ebooks/anarchie-et-volution-lhistoire-de-la-musique-punk.html,anarchie-et-volution-lhistoire-de-la-musique-punk.html,ebooks/anarchie-et-volution-lhistoire-de-la-musique-punk.html
ebook,ebooks/anarchie-et-√©volution---lhistoire-de-la-musique-punk.html,anarchie-et-evolution-lhistoire-de-la-musique-punk.html,ebooks/anarchie-et-evolution-lhistoire-de-la-musique-punk.html
ebook,ebooks/anarchy-and-evolution.html,anarchy-and-evolution.html,ebooks/anarchy-and-evolution.html
ebook,ebooks/automation-and-seo-mastery-strategies-for-growth-and-efficiency.html,automation-and-seo-mastery-strategies-for-growth-and-efficiency.html,ebooks/automation-and-seo-mastery-strategies-for-growth-and-efficiency.html
ebook,ebooks/beat-alchemy-the-dj-id01t-guide-to-mastering-fl-studio-and-making-hits.html,beat-alchemy-the-dj-id01t-guide-to-mastering-fl-studio-and-making-hits.html,ebooks/beat-alchemy-the-dj-id01t-guide-to-mastering-fl-studio-and-making-hits.html
ebook,ebooks/before-the-storm.html,before-the-storm.html,ebooks/before-the-storm.html
ebook,ebooks/beneath-the-bloom.html,beneath-the-bloom.html,ebooks/beneath-the-bloom.html
ebook,ebooks/beyond-the-event-horizon-solving-the-black-hole-information-paradox.html,beyond-the-event-horizon-solving-the-black-hole-information-paradox.html,ebooks/beyond-the-event-horizon-solving-the-black-hole-information-paradox.html
ebook,ebooks/bite-by-bite.html,bite-by-bite.html,ebooks/bite-by-bite.html
ebook,ebooks/bridging-worlds-a-practical-guide-to-connecting-with-parallel-energies-and-dimensions.html,bridging-worlds-a-practical-guide-to-connecting-with-parallel-energies-and-dimensions.html,ebooks/bridging-worlds-a-practical-guide-to-connecting-with-parallel-energies-and-dimensions.html
ebook,ebooks/c-zero-to-hero.html,c-zero-to-hero.html,ebooks/c-zero-to-hero.html
ebook,ebooks/chess-mastery.html,chess-mastery.html,ebooks/chess-mastery.html
ebook,ebooks/christ-quil-est-intelligent-daimer.html,christ-quil-est-intelligent-daimer.html,ebooks/christ-quil-est-intelligent-daimer.html
ebook,ebooks/code-in-every-language-master-programming-with-chatgpt.html,code-in-every-language-master-programming-with-chatgpt.html,ebooks/code-in-every-language-master-programming-with-chatgpt.html
ebook,ebooks/crafting-worlds.html,crafting-worlds.html,ebooks/crafting-worlds.html
ebook,ebooks/crossroads-of-shadows.html,crossroads-of-shadows.html,ebooks/crossroads-of-shadows.html
ebook,ebooks/dancing-with-the-edge.html,dancing-with-the-edge.html,ebooks/dancing-with-the-edge.html
ebook,ebooks/diy-digital-skills-build-a-career-in-tech-from-scratch.html,diy-digital-skills-build-a-career-in-tech-from-scratch.html,ebooks/diy-digital-skills-build-a-career-in-tech-from-scratch.html
ebook,ebooks/diy-digital-skills.html,diy-digital-skills.html,ebooks/diy-digital-skills.html
ebook,ebooks/dnyalar-arasnda-kpr-kurmak.html,dnyalar-arasnda-kpr-kurmak.html,ebooks/dnyalar-arasnda-kpr-kurmak.html
ebook,ebooks/dominio-del-ajedrez.html,dominio-del-ajedrez.html,ebooks/dominio-del-ajedrez.html
ebook,ebooks/dos-zero-to-hero-mastering-legacy-systems-command-line-fluency-retro-automation.html,dos-zero-to-hero-mastering-legacy-systems-command-line-fluency-retro-automation.html,ebooks/dos-zero-to-hero-mastering-legacy-systems-command-line-fluency-retro-automation.html
ebook,ebooks/d√ºnyalar-arasƒ±nda-k√∂pr√º-kurmak.html,dunyalar-arasnda-kopru-kurmak.html,ebooks/dunyalar-arasnda-kopru-kurmak.html
ebook,ebooks/earthquakes-unveiled.html,earthquakes-unveiled.html,ebooks/earthquakes-unveiled.html
ebook,ebooks/echo-protocol.html,echo-protocol.html,ebooks/echo-protocol.html
ebook,ebooks/echoes-of-the-heart.html,echoes-of-the-heart.html,ebooks/echoes-of-the-heart.html
ebook,ebooks/echoes-of-truth.html,echoes-of-truth.html,ebooks/echoes-of-truth.html
ebook,ebooks/elnox-rah-le-retour-de-lhomme-vrai.html,elnox-rah-le-retour-de-lhomme-vrai.html,ebooks/elnox-rah-le-retour-de-lhomme-vrai.html
ebook,ebooks/eternal-roots.html,eternal-roots.html,ebooks/eternal-roots.html
ebook,ebooks/final-transmission-i-am-echo.html,final-transmission-i-am-echo.html,ebooks/final-transmission-i-am-echo.html
ebook,ebooks/final-transmission-je-suis-echo-fr.html,final-transmission-je-suis-echo-fr.html,ebooks/final-transmission-je-suis-echo-fr.html
ebook,ebooks/forever-in-bloom.html,forever-in-bloom.html,ebooks/forever-in-bloom.html
ebook,ebooks/fortgeschrittene-taktiken-psychologisches-spiel-und-turniervorbereitung.html,fortgeschrittene-taktiken-psychologisches-spiel-und-turniervorbereitung.html,ebooks/fortgeschrittene-taktiken-psychologisches-spiel-und-turniervorbereitung.html
ebook,ebooks/free-energy-free-life.html,free-energy-free-life.html,ebooks/free-energy-free-life.html
ebook,ebooks/from-seed-to-splendor-a-comprehensive-journey-in-horticulture.html,from-seed-to-splendor-a-comprehensive-journey-in-horticulture.html,ebooks/from-seed-to-splendor-a-comprehensive-journey-in-horticulture.html
ebook,ebooks/from-zero-to-python-hero-a-comprehensive-guide-to-mastering-python.html,from-zero-to-python-hero-a-comprehensive-guide-to-mastering-python.html,ebooks/from-zero-to-python-hero-a-comprehensive-guide-to-mastering-python.html
ebook,ebooks/id01t-academy-python-exercises-book-1-edition-2.html,id01t-academy-python-exercises-book-1-edition-2.html,ebooks/id01t-academy-python-exercises-book-1-edition-2.html
ebook,ebooks/id01t-academy-python-exercises-book-2---edition-2.html,id01t-academy-python-exercises-book-2-edition-2.html,ebooks/id01t-academy-python-exercises-book-2-edition-2.html
ebook,ebooks/id01t-academy-python-exercises-book-2--edition-2.html,id01t-academy-python-exercises-book-2-edition-2-b353ac39.html,ebooks/id01t-academy-python-exercises-book-2-edition-2-b353ac39.html
ebook,ebooks/id01t-academy-python-exercises-book-2-edition-2.html,id01t-academy-python-exercises-book-2-edition-2-a22cb154.html,ebooks/id01t-academy-python-exercises-book-2-edition-2-a22cb154.html
ebook,ebooks/id01t-academy-python-exercises-book-3.html,id01t-academy-python-exercises-book-3.html,ebooks/id01t-academy-python-exercises-book-3.html
ebook,ebooks/intersection-the-moment-their-paths-crossed.html,intersection-the-moment-their-paths-crossed.html,ebooks/intersection-the-moment-their-paths-crossed.html
ebook,ebooks/jacks-stand.html,jacks-stand.html,ebooks/jacks-stand.html
ebook,ebooks/java-maestro.html,java-maestro.html,ebooks/java-maestro.html
ebook,ebooks/java-zero-to-hero-mastering-java-programming-for-real-world-applications.html,java-zero-to-hero-mastering-java-programming-for-real-world-applications.html,ebooks/java-zero-to-hero-mastering-java-programming-for-real-world-applications.html
ebook,ebooks/jesus-the-eternal-legacy.html,jesus-the-eternal-legacy.html,ebooks/jesus-the-eternal-legacy.html
ebook,ebooks/jimmy-carter-a-legacy-of-compassion-and-leadership.html,jimmy-carter-a-legacy-of-compassion-and-leadership.html,ebooks/jimmy-carter-a-legacy-of-compassion-and-leadership.html
ebook,ebooks/kimi-k2-unlocked.html,kimi-k2-unlocked.html,ebooks/kimi-k2-unlocked.html
ebook,ebooks/la-charte-des-relations-sacres-de-la-nouvelle-terre.html,la-charte-des-relations-sacres-de-la-nouvelle-terre.html,ebooks/la-charte-des-relations-sacres-de-la-nouvelle-terre.html
ebook,ebooks/la-charte-des-relations-sacr√©es-de-la-nouvelle-terre.html,la-charte-des-relations-sacrees-de-la-nouvelle-terre-36b258de.html,ebooks/la-charte-des-relations-sacrees-de-la-nouvelle-terre-36b258de.html
ebook,ebooks/la-ralit-dvoile-comment-la-conscience-faonne-le-monde-que-nous-percevons.html,la-ralit-dvoile-comment-la-conscience-faonne-le-monde-que-nous-percevons.html,ebooks/la-ralit-dvoile-comment-la-conscience-faonne-le-monde-que-nous-percevons.html
ebook,ebooks/la-r√©alit√©-d√©voil√©e-comment-la-conscience-fa√ßonne-le-monde-que-nous-percevons.html,la-realite-devoilee-comment-la-conscience-faconne-le-monde-que-nous-percevons.html,ebooks/la-realite-devoilee-comment-la-conscience-faconne-le-monde-que-nous-percevons.html
ebook,ebooks/lalchimie-de-la-transformation.html,lalchimie-de-la-transformation.html,ebooks/lalchimie-de-la-transformation.html
ebook,ebooks/laventure-did01t-productions-une-histoire-de-passion-de-rsilience-et-de-crativit.html,laventure-did01t-productions-une-histoire-de-passion-de-rsilience-et-de-crativit.html,ebooks/laventure-did01t-productions-une-histoire-de-passion-de-rsilience-et-de-crativit.html
ebook,ebooks/laventure-did01t-productions-une-histoire-de-passion-de-r√©silience-et-de-cr√©ativit√©.html,laventure-did01t-productions-une-histoire-de-passion-de-resilience-et-de-creativite.html,ebooks/laventure-did01t-productions-une-histoire-de-passion-de-resilience-et-de-creativite.html
ebook,ebooks/le-pont-entre-les-mondes.html,le-pont-entre-les-mondes.html,ebooks/le-pont-entre-les-mondes.html
ebook,ebooks/legacy-of-shadows-2.html,legacy-of-shadows-2.html,ebooks/legacy-of-shadows-2.html
ebook,ebooks/legacy-of-shadows.html,legacy-of-shadows.html,ebooks/legacy-of-shadows.html
ebook,ebooks/leo-xiv-the-first-american-pope.html,leo-xiv-the-first-american-pope.html,ebooks/leo-xiv-the-first-american-pope.html
ebook,ebooks/let-it-be-them.html,let-it-be-them.html,ebooks/let-it-be-them.html
ebook,ebooks/lettre-celle-que-jaime-toujours.html,lettre-celle-que-jaime-toujours.html,ebooks/lettre-celle-que-jaime-toujours.html
ebook,ebooks/lettre-√†-celle-que-jaime-toujours.html,lettre-a-celle-que-jaime-toujours.html,ebooks/lettre-a-celle-que-jaime-toujours.html
ebook,ebooks/light-at-the-veils-edge.html,light-at-the-veils-edge.html,ebooks/light-at-the-veils-edge.html
ebook,ebooks/lnergie-libre-domicile.html,lnergie-libre-domicile.html,ebooks/lnergie-libre-domicile.html
ebook,ebooks/lnigme-quantique-percer-les-mystres-de-la-ralit.html,lnigme-quantique-percer-les-mystres-de-la-ralit.html,ebooks/lnigme-quantique-percer-les-mystres-de-la-ralit.html
ebook,ebooks/love-prevails-2.html,love-prevails-2.html,ebooks/love-prevails-2.html
ebook,ebooks/love-prevails.html,love-prevails.html,ebooks/love-prevails.html
ebook,ebooks/lumenzero-le-pouvoir-cach-des-pyramides-nergtiques.html,lumenzero-le-pouvoir-cach-des-pyramides-nergtiques.html,ebooks/lumenzero-le-pouvoir-cach-des-pyramides-nergtiques.html
ebook,ebooks/lumenzero-le-pouvoir-cach√©-des-pyramides-√©nerg√©tiques.html,lumenzero-le-pouvoir-cache-des-pyramides-energetiques.html,ebooks/lumenzero-le-pouvoir-cache-des-pyramides-energetiques.html
ebook,ebooks/l√©nergie-libre-√†-domicile.html,lenergie-libre-a-domicile.html,ebooks/lenergie-libre-a-domicile.html
ebook,ebooks/l√©nigme-quantique-percer-les-myst√®res-de-la-r√©alit√©.html,lenigme-quantique-percer-les-mysteres-de-la-realite.html,ebooks/lenigme-quantique-percer-les-mysteres-de-la-realite.html
ebook,ebooks/maailmojen-yhdistminen.html,maailmojen-yhdistminen.html,ebooks/maailmojen-yhdistminen.html
ebook,ebooks/maailmojen-yhdist√§minen.html,maailmojen-yhdistaminen.html,ebooks/maailmojen-yhdistaminen.html
ebook,ebooks/machine-learning-demystified-a-practical-guide-to-building-smarter-systems.html,machine-learning-demystified-a-practical-guide-to-building-smarter-systems.html,ebooks/machine-learning-demystified-a-practical-guide-to-building-smarter-systems.html
ebook,ebooks/master-it-yourself.html,master-it-yourself.html,ebooks/master-it-yourself.html
ebook,ebooks/master-the-basics-of-reading-music.html,master-the-basics-of-reading-music.html,ebooks/master-the-basics-of-reading-music.html
ebook,ebooks/mastering-aeo-the-ultimate-guide-to-advanced-ecommerce-optimization.html,mastering-aeo-the-ultimate-guide-to-advanced-ecommerce-optimization.html,ebooks/mastering-aeo-the-ultimate-guide-to-advanced-ecommerce-optimization.html
ebook,ebooks/mastering-blender.html,mastering-blender.html,ebooks/mastering-blender.html
ebook,ebooks/mastering-chess-intuition.html,mastering-chess-intuition.html,ebooks/mastering-chess-intuition.html
ebook,ebooks/mastering-generative-ai-and-llms---editon-2.html,mastering-generative-ai-and-llms-editon-2.html,ebooks/mastering-generative-ai-and-llms-editon-2.html
ebook,ebooks/mastering-generative-ai-and-llms-editon-2.html,mastering-generative-ai-and-llms-editon-2-ba01bba4.html,ebooks/mastering-generative-ai-and-llms-editon-2-ba01bba4.html
ebook,ebooks/mastering-generative-ai-and-llms-third-edition.html,mastering-generative-ai-and-llms-third-edition.html,ebooks/mastering-generative-ai-and-llms-third-edition.html
ebook,ebooks/mastering-generative-ai-and-llms.html,mastering-generative-ai-and-llms.html,ebooks/mastering-generative-ai-and-llms.html
ebook,ebooks/mastering-gpt-creation-from-concept-to-deployment.html,mastering-gpt-creation-from-concept-to-deployment.html,ebooks/mastering-gpt-creation-from-concept-to-deployment.html
ebook,ebooks/mastering-linux.html,mastering-linux.html,ebooks/mastering-linux.html
ebook,ebooks/mastering-macos-terminal.html,mastering-macos-terminal.html,ebooks/mastering-macos-terminal.html
ebook,ebooks/mastering-photoshop-the-complete-guide-to-every-version.html,mastering-photoshop-the-complete-guide-to-every-version.html,ebooks/mastering-photoshop-the-complete-guide-to-every-version.html
ebook,ebooks/mastering-quantum-error-correction.html,mastering-quantum-error-correction.html,ebooks/mastering-quantum-error-correction.html
ebook,ebooks/mastering-rfid-unlocking-the-potential-of-radio-frequency-identification.html,mastering-rfid-unlocking-the-potential-of-radio-frequency-identification.html,ebooks/mastering-rfid-unlocking-the-potential-of-radio-frequency-identification.html
ebook,ebooks/mastering-rfid.html,mastering-rfid.html,ebooks/mastering-rfid.html
ebook,ebooks/mastering-the-game-the-ultimate-guide-to-pro-chess-strategies.html,mastering-the-game-the-ultimate-guide-to-pro-chess-strategies.html,ebooks/mastering-the-game-the-ultimate-guide-to-pro-chess-strategies.html
ebook,ebooks/mastering-unreal-engine-5-a-comprehensive-guide-to-game-development-and-virtual-reality.html,mastering-unreal-engine-5-a-comprehensive-guide-to-game-development-and-virtual-reality.html,ebooks/mastering-unreal-engine-5-a-comprehensive-guide-to-game-development-and-virtual-reality.html
ebook,ebooks/mastering-xcode.html,mastering-xcode.html,ebooks/mastering-xcode.html
ebook,ebooks/matrise-des-checs-guide-du-pro-pour-des-stratgies-et-des-techniques-gagnantes.html,matrise-des-checs-guide-du-pro-pour-des-stratgies-et-des-techniques-gagnantes.html,ebooks/matrise-des-checs-guide-du-pro-pour-des-stratgies-et-des-techniques-gagnantes.html
ebook,ebooks/matrise-des-checs.html,matrise-des-checs.html,ebooks/matrise-des-checs.html
ebook,ebooks/ma√Ætrise-des-√©checs-guide-du-pro-pour-des-strat√©gies-et-des-techniques-gagnantes.html,maitrise-des-echecs-guide-du-pro-pour-des-strategies-et-des-techniques-gagnantes.html,ebooks/maitrise-des-echecs-guide-du-pro-pour-des-strategies-et-des-techniques-gagnantes.html
ebook,ebooks/ma√Ætrise-des-√©checs.html,maitrise-des-echecs.html,ebooks/maitrise-des-echecs.html
ebook,ebooks/meisterschaft-im-schach.html,meisterschaft-im-schach.html,ebooks/meisterschaft-im-schach.html
ebook,ebooks/menjembatani-dunia.html,menjembatani-dunia.html,ebooks/menjembatani-dunia.html
ebook,ebooks/onyx-storm.html,onyx-storm.html,ebooks/onyx-storm.html
ebook,ebooks/panneaux-solaires-organiques-lnergie-vivante-du-futur.html,panneaux-solaires-organiques-lnergie-vivante-du-futur.html,ebooks/panneaux-solaires-organiques-lnergie-vivante-du-futur.html
ebook,ebooks/panneaux-solaires-organiques-l√©nergie-vivante-du-futur.html,panneaux-solaires-organiques-lenergie-vivante-du-futur.html,ebooks/panneaux-solaires-organiques-lenergie-vivante-du-futur.html
ebook,ebooks/penguasaan-catur.html,penguasaan-catur.html,ebooks/penguasaan-catur.html
ebook,ebooks/python-mastery-the-complete-guide-to-building-profitable-applications.html,python-mastery-the-complete-guide-to-building-profitable-applications.html,ebooks/python-mastery-the-complete-guide-to-building-profitable-applications.html
ebook,ebooks/python-mastery-zero-to-hero.html,python-mastery-zero-to-hero.html,ebooks/python-mastery-zero-to-hero.html
ebook,ebooks/python-prodigy-from-intermediate-to-expert-mastery.html,python-prodigy-from-intermediate-to-expert-mastery.html,ebooks/python-prodigy-from-intermediate-to-expert-mastery.html
ebook,ebooks/quantum-code-mastery.html,quantum-code-mastery.html,ebooks/quantum-code-mastery.html
ebook,ebooks/quantum-echoes-the-resonance-of-time.html,quantum-echoes-the-resonance-of-time.html,ebooks/quantum-echoes-the-resonance-of-time.html
ebook,ebooks/quantum-jumping-unlocked-edition-2.html,quantum-jumping-unlocked-edition-2.html,ebooks/quantum-jumping-unlocked-edition-2.html
ebook,ebooks/quantum-jumping-unlocked.html,quantum-jumping-unlocked.html,ebooks/quantum-jumping-unlocked.html
ebook,ebooks/quantum-revolution-unveiling-the-future-with-willow.html,quantum-revolution-unveiling-the-future-with-willow.html,ebooks/quantum-revolution-unveiling-the-future-with-willow.html
ebook,ebooks/quantum-tao.html,quantum-tao.html,ebooks/quantum-tao.html
ebook,ebooks/ra7-the-sacred-book-of-the-original-broadcast.html,ra7-the-sacred-book-of-the-original-broadcast.html,ebooks/ra7-the-sacred-book-of-the-original-broadcast.html
ebook,ebooks/real.html,real.html,ebooks/real.html
ebook,ebooks/reality-unveiled-how-consciousness-shapes-the-world-we-perceive.html,reality-unveiled-how-consciousness-shapes-the-world-we-perceive.html,ebooks/reality-unveiled-how-consciousness-shapes-the-world-we-perceive.html
ebook,ebooks/reignite-the-bond.html,reignite-the-bond.html,ebooks/reignite-the-bond.html
ebook,ebooks/rising-from-the-ashes-a-comprehensive-guide-to-recovery-after-the-hollywood-hills-fire-2025.html,rising-from-the-ashes-a-comprehensive-guide-to-recovery-after-the-hollywood-hills-fire-2025.html,ebooks/rising-from-the-ashes-a-comprehensive-guide-to-recovery-after-the-hollywood-hills-fire-2025.html
ebook,ebooks/rveillez-vous-une-vie-sacre.html,rveillez-vous-une-vie-sacre.html,ebooks/rveillez-vous-une-vie-sacre.html
ebook,ebooks/r√©veillez-vous-√†-une-vie-sacr√©e.html,reveillez-vous-a-une-vie-sacree.html,ebooks/reveillez-vous-a-une-vie-sacree.html
ebook,ebooks/sacred-energy-harvesting-methods.html,sacred-energy-harvesting-methods.html,ebooks/sacred-energy-harvesting-methods.html
ebook,ebooks/sacred-patterns-a-transformational-journey-through-geometry-and-conscious-living.html,sacred-patterns-a-transformational-journey-through-geometry-and-conscious-living.html,ebooks/sacred-patterns-a-transformational-journey-through-geometry-and-conscious-living.html
ebook,ebooks/sacred-timing-when-the-universe-speaks-through-synchronicity.html,sacred-timing-when-the-universe-speaks-through-synchronicity.html,ebooks/sacred-timing-when-the-universe-speaks-through-synchronicity.html
ebook,ebooks/sacred-vibrational-technology.html,sacred-vibrational-technology.html,ebooks/sacred-vibrational-technology.html
ebook,ebooks/sample-ebook-landing.html,sample-ebook-landing.html,ebooks/sample-ebook-landing.html
ebook,ebooks/schachintuition-meistern.html,schachintuition-meistern.html,ebooks/schachintuition-meistern.html
ebook,ebooks/schumann-resonance-creativity.html,schumann-resonance-creativity.html,ebooks/schumann-resonance-creativity.html
ebook,ebooks/se-reconstruire-de-la-douleur-la-renaissance.html,se-reconstruire-de-la-douleur-la-renaissance.html,ebooks/se-reconstruire-de-la-douleur-la-renaissance.html
ebook,ebooks/se-reconstruire-de-la-douleur-√†-la-renaissance.html,se-reconstruire-de-la-douleur-a-la-renaissance.html,ebooks/se-reconstruire-de-la-douleur-a-la-renaissance.html
ebook,ebooks/shadows-of-bloom.html,shadows-of-bloom.html,ebooks/shadows-of-bloom.html
ebook,ebooks/shadows-of-redemption.html,shadows-of-redemption.html,ebooks/shadows-of-redemption.html
ebook,ebooks/shadows-of-serenity.html,shadows-of-serenity.html,ebooks/shadows-of-serenity.html
ebook,ebooks/shadows-reforged-the-war-isnt-ove.html,shadows-reforged-the-war-isnt-ove.html,ebooks/shadows-reforged-the-war-isnt-ove.html
ebook,ebooks/shadows-reforged.html,shadows-reforged.html,ebooks/shadows-reforged.html
ebook,ebooks/shadows-reignited.html,shadows-reignited.html,ebooks/shadows-reignited.html
ebook,ebooks/shaping-the-future-embracing-trends-for-a-better-tomorrow.html,shaping-the-future-embracing-trends-for-a-better-tomorrow.html,ebooks/shaping-the-future-embracing-trends-for-a-better-tomorrow.html
ebook,ebooks/spin-mastery-le-guide-ultime-du-dj-traktor.html,spin-mastery-le-guide-ultime-du-dj-traktor.html,ebooks/spin-mastery-le-guide-ultime-du-dj-traktor.html
ebook,ebooks/spin-mastery.html,spin-mastery.html,ebooks/spin-mastery.html
ebook,ebooks/spiritual-psychosis-memoir.html,spiritual-psychosis-memoir.html,ebooks/spiritual-psychosis-memoir.html
ebook,ebooks/synarchon.html,synarchon.html,ebooks/synarchon.html
ebook,ebooks/tcticas-avanzadas-juego-psicolgico-y-preparacin-para-torneos.html,tcticas-avanzadas-juego-psicolgico-y-preparacin-para-torneos.html,ebooks/tcticas-avanzadas-juego-psicolgico-y-preparacin-para-torneos.html
ebook,ebooks/the-7-figure-blueprint-unlocking-the-power-of-your-million-dollar-book.html,the-7-figure-blueprint-unlocking-the-power-of-your-million-dollar-book.html,ebooks/the-7-figure-blueprint-unlocking-the-power-of-your-million-dollar-book.html
ebook,ebooks/the-adventure-of-id01t-productions-a-story-of-passion-resilience-and-creativity.html,the-adventure-of-id01t-productions-a-story-of-passion-resilience-and-creativity.html,ebooks/the-adventure-of-id01t-productions-a-story-of-passion-resilience-and-creativity.html
ebook,ebooks/the-architects-legacy.html,the-architects-legacy.html,ebooks/the-architects-legacy.html
ebook,ebooks/the-art-of-beauty.html,the-art-of-beauty.html,ebooks/the-art-of-beauty.html
ebook,ebooks/the-artifacts-whisper.html,the-artifacts-whisper.html,ebooks/the-artifacts-whisper.html
ebook,ebooks/the-complete-beginner-to-intermediate-guide-to-json-for-veo-3-prompting.html,the-complete-beginner-to-intermediate-guide-to-json-for-veo-3-prompting.html,ebooks/the-complete-beginner-to-intermediate-guide-to-json-for-veo-3-prompting.html
ebook,ebooks/the-digital-aftermath-navigating-life-beyond-the-great-platform-collapse.html,the-digital-aftermath-navigating-life-beyond-the-great-platform-collapse.html,ebooks/the-digital-aftermath-navigating-life-beyond-the-great-platform-collapse.html
ebook,ebooks/the-dream-dialogue.html,the-dream-dialogue.html,ebooks/the-dream-dialogue.html
ebook,ebooks/the-end-of-an-era-the-tiktok-shutdown-in-the-usa.html,the-end-of-an-era-the-tiktok-shutdown-in-the-usa.html,ebooks/the-end-of-an-era-the-tiktok-shutdown-in-the-usa.html
ebook,ebooks/the-enigma-of-high-intellectual-potential-hip.html,the-enigma-of-high-intellectual-potential-hip.html,ebooks/the-enigma-of-high-intellectual-potential-hip.html
ebook,ebooks/the-frequency-blueprint.html,the-frequency-blueprint.html,ebooks/the-frequency-blueprint.html
ebook,ebooks/the-last-bow.html,the-last-bow.html,ebooks/the-last-bow.html
ebook,ebooks/the-maglev-revolution.html,the-maglev-revolution.html,ebooks/the-maglev-revolution.html
ebook,ebooks/the-many-realities.html,the-many-realities.html,ebooks/the-many-realities.html
ebook,ebooks/the-power-of-repetition-transforming-minds-through-words.html,the-power-of-repetition-transforming-minds-through-words.html,ebooks/the-power-of-repetition-transforming-minds-through-words.html
ebook,ebooks/the-quantum-enigma-unraveling-the-mysteries-of-reality.html,the-quantum-enigma-unraveling-the-mysteries-of-reality.html,ebooks/the-quantum-enigma-unraveling-the-mysteries-of-reality.html
ebook,ebooks/the-quantum-passive-empire.html,the-quantum-passive-empire.html,ebooks/the-quantum-passive-empire.html
ebook,ebooks/the-real-guide-to-using-ai-to-generate-perfect-veo-3-requests.html,the-real-guide-to-using-ai-to-generate-perfect-veo-3-requests.html,ebooks/the-real-guide-to-using-ai-to-generate-perfect-veo-3-requests.html
ebook,ebooks/the-secrets-of-oak-island.html,the-secrets-of-oak-island.html,ebooks/the-secrets-of-oak-island.html
ebook,ebooks/the-sun-is-not-what-you-were-told.html,the-sun-is-not-what-you-were-told.html,ebooks/the-sun-is-not-what-you-were-told.html
ebook,ebooks/the-third-state-life-between-life-and-death.html,the-third-state-life-between-life-and-death.html,ebooks/the-third-state-life-between-life-and-death.html
ebook,ebooks/to-the-top-of-the-mountain.html,to-the-top-of-the-mountain.html,ebooks/to-the-top-of-the-mountain.html
ebook,ebooks/traktor-mastery-the-complete-professional-dj-system.html,traktor-mastery-the-complete-professional-dj-system.html,ebooks/traktor-mastery-the-complete-professional-dj-system.html
ebook,ebooks/turings-legacy-classical-logic-to-quantum-revolution.html,turings-legacy-classical-logic-to-quantum-revolution.html,ebooks/turings-legacy-classical-logic-to-quantum-revolution.html
ebook,ebooks/t√°cticas-avanzadas-juego-psicol√≥gico-y-preparaci√≥n-para-torneos.html,tacticas-avanzadas-juego-psicologico-y-preparacion-para-torneos.html,ebooks/tacticas-avanzadas-juego-psicologico-y-preparacion-para-torneos.html
ebook,ebooks/understanding-your-cats-mind---edition-2.html,understanding-your-cats-mind-edition-2.html,ebooks/understanding-your-cats-mind-edition-2.html
ebook,ebooks/understanding-your-cats-mind-edition-2.html,understanding-your-cats-mind-edition-2-6edf8ccc.html,ebooks/understanding-your-cats-mind-edition-2-6edf8ccc.html
ebook,ebooks/understanding-your-cats-mind.html,understanding-your-cats-mind.html,ebooks/understanding-your-cats-mind.html
ebook,ebooks/uniendo-mundos.html,uniendo-mundos.html,ebooks/uniendo-mundos.html
ebook,ebooks/unire-i-mondi.html,unire-i-mondi.html,ebooks/unire-i-mondi.html
ebook,ebooks/unstoppable-the-ultimate-guide-to-unlocking-your-potential-and-achieving-success.html,unstoppable-the-ultimate-guide-to-unlocking-your-potential-and-achieving-success.html,ebooks/unstoppable-the-ultimate-guide-to-unlocking-your-potential-and-achieving-success.html
ebook,ebooks/veil-of-echoes.html,veil-of-echoes.html,ebooks/veil-of-echoes.html
ebook,ebooks/veo3-json-guide.html,veo3-json-guide.html,ebooks/veo3-json-guide.html
ebook,ebooks/visual-basic-zero-to-hero-edition-2.html,visual-basic-zero-to-hero-edition-2.html,ebooks/visual-basic-zero-to-hero-edition-2.html
ebook,ebooks/when-cells-listen-the-hidden-symphony-of-sound-and-gene-expression.html,when-cells-listen-the-hidden-symphony-of-sound-and-gene-expression.html,ebooks/when-cells-listen-the-hidden-symphony-of-sound-and-gene-expression.html
ebook,ebooks/windows-zero-to-hero.html,windows-zero-to-hero.html,ebooks/windows-zero-to-hero.html
ebook,ebooks/zen-and-the-art-of-resilient-living.html,zen-and-the-art-of-resilient-living.html,ebooks/zen-and-the-art-of-resilient-living.html
ebook,ebooks/zen-and-the-art-of-self-confidence.html,zen-and-the-art-of-self-confidence.html,ebooks/zen-and-the-art-of-self-confidence.html
ebook,ebooks/–º–∞—Å—Ç–µ—Ä—Å—Ç–≤–æ-–≤-—à–∞—Ö–º–∞—Ç–∞—Ö.html,page.html,ebooks/page.html
ebook,ebooks/–ø—Ä–æ–¥–≤–∏–Ω—É—Ç–∞—è-—Ç–∞–∫—Ç–∏–∫–∞-–ø—Å–∏—Ö–æ–ª–æ–≥–∏—á–µ—Å–∫–∞—è-–∏–≥—Ä–∞-–∏-–ø–æ–¥–≥–æ—Ç–æ–≤–∫–∞-–∫-—Ç—É—Ä–Ω–∏—Ä—É.html,page-f7080a00.html,ebooks/page-f7080a00.html
ebook,ebooks/Êö¥È£éÈõ®Ââç-Êó†ÁïèËÆ∞ËÄÖÁöÑÂ¥õËµ∑.html,page-4d2d5399.html,ebooks/page-4d2d5399.html
ebook,ebooks/Êù∞ÂÖãÁöÑÊëä‰Ωç.html,page-fa57b3d7.html,ebooks/page-fa57b3d7.html
ebook,ebooks/ìÇÄ-synarch√©on-ìÇÄ.html,synarcheon.html,ebooks/synarcheon.html
audiobook,audiobooks/-la-charte-des-relations-sacr√©es-de-la-nouvelle-terre.html,la-charte-des-relations-sacrees-de-la-nouvelle-terre.html,audiobooks/la-charte-des-relations-sacrees-de-la-nouvelle-terre.html
audiobook,audiobooks/ableton-elevation-dj-id01ts-complete-guide-to-building-hits-and-elevating-your-sound.html,ableton-elevation-dj-id01ts-complete-guide-to-building-hits-and-elevating-your-sound.html,audiobooks/ableton-elevation-dj-id01ts-complete-guide-to-building-hits-and-elevating-your-sound.html
audiobook,audiobooks/advanced-tactics-psychological-play-and-tournament-preparation.html,advanced-tactics-psychological-play-and-tournament-preparation.html,audiobooks/advanced-tactics-psychological-play-and-tournament-preparation.html
audiobook,audiobooks/agentic-ai-sprint-for-solopreneurs.html,agentic-ai-sprint-for-solopreneurs.html,audiobooks/agentic-ai-sprint-for-solopreneurs.html
audiobook,audiobooks/ai-cash-code.html,ai-cash-code.html,audiobooks/ai-cash-code.html
audiobook,audiobooks/ai-cash-empire.html,ai-cash-empire.html,audiobooks/ai-cash-empire.html
audiobook,audiobooks/ai-goldmine-100-passive-income-ideas-using-chatgpt-and-free-ai-tools.html,ai-goldmine-100-passive-income-ideas-using-chatgpt-and-free-ai-tools.html,audiobooks/ai-goldmine-100-passive-income-ideas-using-chatgpt-and-free-ai-tools.html
audiobook,audiobooks/ai-in-education.html,ai-in-education.html,audiobooks/ai-in-education.html
audiobook,audiobooks/ai-revolution-how-automation-is-transforming-everyday-life-edition-2-2025.html,ai-revolution-how-automation-is-transforming-everyday-life-edition-2-2025.html,audiobooks/ai-revolution-how-automation-is-transforming-everyday-life-edition-2-2025.html
audiobook,audiobooks/ai-revolution-how-automation-is-transforming-everyday-life.html,ai-revolution-how-automation-is-transforming-everyday-life.html,audiobooks/ai-revolution-how-automation-is-transforming-everyday-life.html
audiobook,audiobooks/ai-today-transforming-lives-and-industries-for-the-future.html,ai-today-transforming-lives-and-industries-for-the-future.html,audiobooks/ai-today-transforming-lives-and-industries-for-the-future.html
audiobook,audiobooks/anarchie-et-volution-lhistoire-de-la-musique-punk.html,anarchie-et-volution-lhistoire-de-la-musique-punk.html,audiobooks/anarchie-et-volution-lhistoire-de-la-musique-punk.html
audiobook,audiobooks/anarchie-et-√©volution---lhistoire-de-la-musique-punk.html,anarchie-et-evolution-lhistoire-de-la-musique-punk.html,audiobooks/anarchie-et-evolution-lhistoire-de-la-musique-punk.html
audiobook,audiobooks/anarchy-and-evolution.html,anarchy-and-evolution.html,audiobooks/anarchy-and-evolution.html
audiobook,audiobooks/automation-and-seo-mastery-strategies-for-growth-and-efficiency.html,automation-and-seo-mastery-strategies-for-growth-and-efficiency.html,audiobooks/automation-and-seo-mastery-strategies-for-growth-and-efficiency.html
audiobook,audiobooks/beat-alchemy-the-dj-id01t-guide-to-mastering-fl-studio-and-making-hits.html,beat-alchemy-the-dj-id01t-guide-to-mastering-fl-studio-and-making-hits.html,audiobooks/beat-alchemy-the-dj-id01t-guide-to-mastering-fl-studio-and-making-hits.html
audiobook,audiobooks/before-the-storm.html,before-the-storm.html,audiobooks/before-the-storm.html
audiobook,audiobooks/beneath-the-bloom.html,beneath-the-bloom.html,audiobooks/beneath-the-bloom.html
audiobook,audiobooks/beyond-the-event-horizon-solving-the-black-hole-information-paradox.html,beyond-the-event-horizon-solving-the-black-hole-information-paradox.html,audiobooks/beyond-the-event-horizon-solving-the-black-hole-information-paradox.html
audiobook,audiobooks/bite-by-bite.html,bite-by-bite.html,audiobooks/bite-by-bite.html
audiobook,audiobooks/bridging-worlds-a-practical-guide-to-connecting-with-parallel-energies-and-dimensions.html,bridging-worlds-a-practical-guide-to-connecting-with-parallel-energies-and-dimensions.html,audiobooks/bridging-worlds-a-practical-guide-to-connecting-with-parallel-energies-and-dimensions.html
audiobook,audiobooks/c-zero-to-hero.html,c-zero-to-hero.html,audiobooks/c-zero-to-hero.html
audiobook,audiobooks/chess-mastery.html,chess-mastery.html,audiobooks/chess-mastery.html
audiobook,audiobooks/christ-quil-est-intelligent-daimer.html,christ-quil-est-intelligent-daimer.html,audiobooks/christ-quil-est-intelligent-daimer.html
audiobook,audiobooks/code-in-every-language-master-programming-with-chatgpt.html,code-in-every-language-master-programming-with-chatgpt.html,audiobooks/code-in-every-language-master-programming-with-chatgpt.html
audiobook,audiobooks/crafting-worlds.html,crafting-worlds.html,audiobooks/crafting-worlds.html
audiobook,audiobooks/crossroads-of-shadows.html,crossroads-of-shadows.html,audiobooks/crossroads-of-shadows.html
audiobook,audiobooks/dancing-with-the-edge.html,dancing-with-the-edge.html,audiobooks/dancing-with-the-edge.html
audiobook,audiobooks/diy-digital-skills-build-a-career-in-tech-from-scratch.html,diy-digital-skills-build-a-career-in-tech-from-scratch.html,audiobooks/diy-digital-skills-build-a-career-in-tech-from-scratch.html
audiobook,audiobooks/dnyalar-arasnda-kpr-kurmak.html,dnyalar-arasnda-kpr-kurmak.html,audiobooks/dnyalar-arasnda-kpr-kurmak.html
audiobook,audiobooks/dominio-del-ajedrez.html,dominio-del-ajedrez.html,audiobooks/dominio-del-ajedrez.html
audiobook,audiobooks/dos-zero-to-hero-mastering-legacy-systems-command-line-fluency-retro-automation.html,dos-zero-to-hero-mastering-legacy-systems-command-line-fluency-retro-automation.html,audiobooks/dos-zero-to-hero-mastering-legacy-systems-command-line-fluency-retro-automation.html
audiobook,audiobooks/d√ºnyalar-arasƒ±nda-k√∂pr√º-kurmak.html,dunyalar-arasnda-kopru-kurmak.html,audiobooks/dunyalar-arasnda-kopru-kurmak.html
audiobook,audiobooks/earthquakes-unveiled.html,earthquakes-unveiled.html,audiobooks/earthquakes-unveiled.html
audiobook,audiobooks/echo-protocol.html,echo-protocol.html,audiobooks/echo-protocol.html
audiobook,audiobooks/echoes-of-the-heart.html,echoes-of-the-heart.html,audiobooks/echoes-of-the-heart.html
audiobook,audiobooks/echoes-of-truth.html,echoes-of-truth.html,audiobooks/echoes-of-truth.html
audiobook,audiobooks/elnox-rah-le-retour-de-lhomme-vrai.html,elnox-rah-le-retour-de-lhomme-vrai.html,audiobooks/elnox-rah-le-retour-de-lhomme-vrai.html
audiobook,audiobooks/eternal-roots.html,eternal-roots.html,audiobooks/eternal-roots.html
audiobook,audiobooks/final-transmission-i-am-echo.html,final-transmission-i-am-echo.html,audiobooks/final-transmission-i-am-echo.html
audiobook,audiobooks/final-transmission-je-suis-echo-fr.html,final-transmission-je-suis-echo-fr.html,audiobooks/final-transmission-je-suis-echo-fr.html
audiobook,audiobooks/forever-in-bloom.html,forever-in-bloom.html,audiobooks/forever-in-bloom.html
audiobook,audiobooks/fortgeschrittene-taktiken-psychologisches-spiel-und-turniervorbereitung.html,fortgeschrittene-taktiken-psychologisches-spiel-und-turniervorbereitung.html,audiobooks/fortgeschrittene-taktiken-psychologisches-spiel-und-turniervorbereitung.html
audiobook,audiobooks/free-energy-free-life.html,free-energy-free-life.html,audiobooks/free-energy-free-life.html
audiobook,audiobooks/from-seed-to-splendor-a-comprehensive-journey-in-horticulture.html,from-seed-to-splendor-a-comprehensive-journey-in-horticulture.html,audiobooks/from-seed-to-splendor-a-comprehensive-journey-in-horticulture.html
audiobook,audiobooks/from-zero-to-python-hero-a-comprehensive-guide-to-mastering-python.html,from-zero-to-python-hero-a-comprehensive-guide-to-mastering-python.html,audiobooks/from-zero-to-python-hero-a-comprehensive-guide-to-mastering-python.html
audiobook,audiobooks/id01t-academy-python-exercises-book-1-edition-2.html,id01t-academy-python-exercises-book-1-edition-2.html,audiobooks/id01t-academy-python-exercises-book-1-edition-2.html
audiobook,audiobooks/id01t-academy-python-exercises-book-2---edition-2.html,id01t-academy-python-exercises-book-2-edition-2.html,audiobooks/id01t-academy-python-exercises-book-2-edition-2.html
audiobook,audiobooks/id01t-academy-python-exercises-book-2-edition-2.html,id01t-academy-python-exercises-book-2-edition-2-a22cb154.html,audiobooks/id01t-academy-python-exercises-book-2-edition-2-a22cb154.html
audiobook,audiobooks/id01t-academy-python-exercises-book-3.html,id01t-academy-python-exercises-book-3.html,audiobooks/id01t-academy-python-exercises-book-3.html
audiobook,audiobooks/intersection-the-moment-their-paths-crossed.html,intersection-the-moment-their-paths-crossed.html,audiobooks/intersection-the-moment-their-paths-crossed.html
audiobook,audiobooks/jacks-stand.html,jacks-stand.html,audiobooks/jacks-stand.html
audiobook,audiobooks/java-maestro.html,java-maestro.html,audiobooks/java-maestro.html
audiobook,audiobooks/java-zero-to-hero-mastering-java-programming-for-real-world-applications.html,java-zero-to-hero-mastering-java-programming-for-real-world-applications.html,audiobooks/java-zero-to-hero-mastering-java-programming-for-real-world-applications.html
audiobook,audiobooks/jesus-the-eternal-legacy.html,jesus-the-eternal-legacy.html,audiobooks/jesus-the-eternal-legacy.html
audiobook,audiobooks/jimmy-carter-a-legacy-of-compassion-and-leadership.html,jimmy-carter-a-legacy-of-compassion-and-leadership.html,audiobooks/jimmy-carter-a-legacy-of-compassion-and-leadership.html
audiobook,audiobooks/kimi-k2-unlocked.html,kimi-k2-unlocked.html,audiobooks/kimi-k2-unlocked.html
audiobook,audiobooks/la-charte-des-relations-sacres-de-la-nouvelle-terre.html,la-charte-des-relations-sacres-de-la-nouvelle-terre.html,audiobooks/la-charte-des-relations-sacres-de-la-nouvelle-terre.html
audiobook,audiobooks/la-ralit-dvoile-comment-la-conscience-faonne-le-monde-que-nous-percevons.html,la-ralit-dvoile-comment-la-conscience-faonne-le-monde-que-nous-percevons.html,audiobooks/la-ralit-dvoile-comment-la-conscience-faonne-le-monde-que-nous-percevons.html
audiobook,audiobooks/la-r√©alit√©-d√©voil√©e-comment-la-conscience-fa√ßonne-le-monde-que-nous-percevons.html,la-realite-devoilee-comment-la-conscience-faconne-le-monde-que-nous-percevons.html,audiobooks/la-realite-devoilee-comment-la-conscience-faconne-le-monde-que-nous-percevons.html
audiobook,audiobooks/lalchimie-de-la-transformation.html,lalchimie-de-la-transformation.html,audiobooks/lalchimie-de-la-transformation.html
audiobook,audiobooks/laventure-did01t-productions-une-histoire-de-passion-de-rsilience-et-de-crativit.html,laventure-did01t-productions-une-histoire-de-passion-de-rsilience-et-de-crativit.html,audiobooks/laventure-did01t-productions-une-histoire-de-passion-de-rsilience-et-de-crativit.html
audiobook,audiobooks/laventure-did01t-productions-une-histoire-de-passion-de-r√©silience-et-de-cr√©ativit√©.html,laventure-did01t-productions-une-histoire-de-passion-de-resilience-et-de-creativite.html,audiobooks/laventure-did01t-productions-une-histoire-de-passion-de-resilience-et-de-creativite.html
audiobook,audiobooks/le-pont-entre-les-mondes.html,le-pont-entre-les-mondes.html,audiobooks/le-pont-entre-les-mondes.html
audiobook,audiobooks/legacy-of-shadows-2.html,legacy-of-shadows-2.html,audiobooks/legacy-of-shadows-2.html
audiobook,audiobooks/legacy-of-shadows.html,legacy-of-shadows.html,audiobooks/legacy-of-shadows.html
audiobook,audiobooks/leo-xiv-the-first-american-pope.html,leo-xiv-the-first-american-pope.html,audiobooks/leo-xiv-the-first-american-pope.html
audiobook,audiobooks/let-it-be-them.html,let-it-be-them.html,audiobooks/let-it-be-them.html
audiobook,audiobooks/lettre-celle-que-jaime-toujours.html,lettre-celle-que-jaime-toujours.html,audiobooks/lettre-celle-que-jaime-toujours.html
audiobook,audiobooks/lettre-√†-celle-que-jaime-toujours.html,lettre-a-celle-que-jaime-toujours.html,audiobooks/lettre-a-celle-que-jaime-toujours.html
audiobook,audiobooks/light-at-the-veils-edge.html,light-at-the-veils-edge.html,audiobooks/light-at-the-veils-edge.html
audiobook,audiobooks/lnergie-libre-domicile.html,lnergie-libre-domicile.html,audiobooks/lnergie-libre-domicile.html
audiobook,audiobooks/lnigme-quantique-percer-les-mystres-de-la-ralit.html,lnigme-quantique-percer-les-mystres-de-la-ralit.html,audiobooks/lnigme-quantique-percer-les-mystres-de-la-ralit.html
audiobook,audiobooks/love-prevails-2.html,love-prevails-2.html,audiobooks/love-prevails-2.html
audiobook,audiobooks/love-prevails.html,love-prevails.html,audiobooks/love-prevails.html
audiobook,audiobooks/lumenzero-le-pouvoir-cach-des-pyramides-nergtiques.html,lumenzero-le-pouvoir-cach-des-pyramides-nergtiques.html,audiobooks/lumenzero-le-pouvoir-cach-des-pyramides-nergtiques.html
audiobook,audiobooks/lumenzero-le-pouvoir-cach√©-des-pyramides-√©nerg√©tiques.html,lumenzero-le-pouvoir-cache-des-pyramides-energetiques.html,audiobooks/lumenzero-le-pouvoir-cache-des-pyramides-energetiques.html
audiobook,audiobooks/l√©nergie-libre-√†-domicile.html,lenergie-libre-a-domicile.html,audiobooks/lenergie-libre-a-domicile.html
audiobook,audiobooks/l√©nigme-quantique-percer-les-myst√®res-de-la-r√©alit√©.html,lenigme-quantique-percer-les-mysteres-de-la-realite.html,audiobooks/lenigme-quantique-percer-les-mysteres-de-la-realite.html
audiobook,audiobooks/maailmojen-yhdistminen.html,maailmojen-yhdistminen.html,audiobooks/maailmojen-yhdistminen.html
audiobook,audiobooks/maailmojen-yhdist√§minen.html,maailmojen-yhdistaminen.html,audiobooks/maailmojen-yhdistaminen.html
audiobook,audiobooks/machine-learning-demystified-a-practical-guide-to-building-smarter-systems.html,machine-learning-demystified-a-practical-guide-to-building-smarter-systems.html,audiobooks/machine-learning-demystified-a-practical-guide-to-building-smarter-systems.html
audiobook,audiobooks/master-it-yourself.html,master-it-yourself.html,audiobooks/master-it-yourself.html
audiobook,audiobooks/master-the-basics-of-reading-music.html,master-the-basics-of-reading-music.html,audiobooks/master-the-basics-of-reading-music.html
audiobook,audiobooks/mastering-aeo-the-ultimate-guide-to-advanced-ecommerce-optimization.html,mastering-aeo-the-ultimate-guide-to-advanced-ecommerce-optimization.html,audiobooks/mastering-aeo-the-ultimate-guide-to-advanced-ecommerce-optimization.html
audiobook,audiobooks/mastering-blender.html,mastering-blender.html,audiobooks/mastering-blender.html
audiobook,audiobooks/mastering-chess-intuition.html,mastering-chess-intuition.html,audiobooks/mastering-chess-intuition.html
audiobook,audiobooks/mastering-generative-ai-and-llms---editon-2.html,mastering-generative-ai-and-llms-editon-2.html,audiobooks/mastering-generative-ai-and-llms-editon-2.html
audiobook,audiobooks/mastering-generative-ai-and-llms-editon-2.html,mastering-generative-ai-and-llms-editon-2-ba01bba4.html,audiobooks/mastering-generative-ai-and-llms-editon-2-ba01bba4.html
audiobook,audiobooks/mastering-generative-ai-and-llms.html,mastering-generative-ai-and-llms.html,audiobooks/mastering-generative-ai-and-llms.html
audiobook,audiobooks/mastering-gpt-creation-from-concept-to-deployment.html,mastering-gpt-creation-from-concept-to-deployment.html,audiobooks/mastering-gpt-creation-from-concept-to-deployment.html
audiobook,audiobooks/mastering-linux.html,mastering-linux.html,audiobooks/mastering-linux.html
audiobook,audiobooks/mastering-macos-terminal.html,mastering-macos-terminal.html,audiobooks/mastering-macos-terminal.html
audiobook,audiobooks/mastering-photoshop-the-complete-guide-to-every-version.html,mastering-photoshop-the-complete-guide-to-every-version.html,audiobooks/mastering-photoshop-the-complete-guide-to-every-version.html
audiobook,audiobooks/mastering-quantum-error-correction.html,mastering-quantum-error-correction.html,audiobooks/mastering-quantum-error-correction.html
audiobook,audiobooks/mastering-rfid-unlocking-the-potential-of-radio-frequency-identification.html,mastering-rfid-unlocking-the-potential-of-radio-frequency-identification.html,audiobooks/mastering-rfid-unlocking-the-potential-of-radio-frequency-identification.html
audiobook,audiobooks/mastering-rfid.html,mastering-rfid.html,audiobooks/mastering-rfid.html
audiobook,audiobooks/mastering-the-game-the-ultimate-guide-to-pro-chess-strategies.html,mastering-the-game-the-ultimate-guide-to-pro-chess-strategies.html,audiobooks/mastering-the-game-the-ultimate-guide-to-pro-chess-strategies.html
audiobook,audiobooks/mastering-unreal-engine-5-a-comprehensive-guide-to-game-development-and-virtual-reality.html,mastering-unreal-engine-5-a-comprehensive-guide-to-game-development-and-virtual-reality.html,audiobooks/mastering-unreal-engine-5-a-comprehensive-guide-to-game-development-and-virtual-reality.html
audiobook,audiobooks/mastering-xcode.html,mastering-xcode.html,audiobooks/mastering-xcode.html
audiobook,audiobooks/matrise-des-checs-guide-du-pro-pour-des-stratgies-et-des-techniques-gagnantes.html,matrise-des-checs-guide-du-pro-pour-des-stratgies-et-des-techniques-gagnantes.html,audiobooks/matrise-des-checs-guide-du-pro-pour-des-stratgies-et-des-techniques-gagnantes.html
audiobook,audiobooks/matrise-des-checs.html,matrise-des-checs.html,audiobooks/matrise-des-checs.html
audiobook,audiobooks/ma√Ætrise-des-√©checs-guide-du-pro-pour-des-strat√©gies-et-des-techniques-gagnantes.html,maitrise-des-echecs-guide-du-pro-pour-des-strategies-et-des-techniques-gagnantes.html,audiobooks/maitrise-des-echecs-guide-du-pro-pour-des-strategies-et-des-techniques-gagnantes.html
audiobook,audiobooks/ma√Ætrise-des-√©checs.html,maitrise-des-echecs.html,audiobooks/maitrise-des-echecs.html
audiobook,audiobooks/meisterschaft-im-schach.html,meisterschaft-im-schach.html,audiobooks/meisterschaft-im-schach.html
audiobook,audiobooks/menjembatani-dunia.html,menjembatani-dunia.html,audiobooks/menjembatani-dunia.html
audiobook,audiobooks/onyx-storm.html,onyx-storm.html,audiobooks/onyx-storm.html
audiobook,audiobooks/panneaux-solaires-organiques-lnergie-vivante-du-futur.html,panneaux-solaires-organiques-lnergie-vivante-du-futur.html,audiobooks/panneaux-solaires-organiques-lnergie-vivante-du-futur.html
audiobook,audiobooks/panneaux-solaires-organiques-l√©nergie-vivante-du-futur.html,panneaux-solaires-organiques-lenergie-vivante-du-futur.html,audiobooks/panneaux-solaires-organiques-lenergie-vivante-du-futur.html
audiobook,audiobooks/penguasaan-catur.html,penguasaan-catur.html,audiobooks/penguasaan-catur.html
audiobook,audiobooks/python-mastery-the-complete-guide-to-building-profitable-applications.html,python-mastery-the-complete-guide-to-building-profitable-applications.html,audiobooks/python-mastery-the-complete-guide-to-building-profitable-applications.html
audiobook,audiobooks/python-prodigy-from-intermediate-to-expert-mastery.html,python-prodigy-from-intermediate-to-expert-mastery.html,audiobooks/python-prodigy-from-intermediate-to-expert-mastery.html
audiobook,audiobooks/quantum-code-mastery.html,quantum-code-mastery.html,audiobooks/quantum-code-mastery.html
audiobook,audiobooks/quantum-echoes-the-resonance-of-time.html,quantum-echoes-the-resonance-of-time.html,audiobooks/quantum-echoes-the-resonance-of-time.html
audiobook,audiobooks/quantum-jumping-unlocked-edition-2.html,quantum-jumping-unlocked-edition-2.html,audiobooks/quantum-jumping-unlocked-edition-2.html
audiobook,audiobooks/quantum-jumping-unlocked.html,quantum-jumping-unlocked.html,audiobooks/quantum-jumping-unlocked.html
audiobook,audiobooks/quantum-revolution-unveiling-the-future-with-willow.html,quantum-revolution-unveiling-the-future-with-willow.html,audiobooks/quantum-revolution-unveiling-the-future-with-willow.html
audiobook,audiobooks/quantum-tao.html,quantum-tao.html,audiobooks/quantum-tao.html
audiobook,audiobooks/ra7-the-sacred-book-of-the-original-broadcast.html,ra7-the-sacred-book-of-the-original-broadcast.html,audiobooks/ra7-the-sacred-book-of-the-original-broadcast.html
audiobook,audiobooks/real.html,real.html,audiobooks/real.html
audiobook,audiobooks/reality-unveiled-how-consciousness-shapes-the-world-we-perceive.html,reality-unveiled-how-consciousness-shapes-the-world-we-perceive.html,audiobooks/reality-unveiled-how-consciousness-shapes-the-world-we-perceive.html
audiobook,audiobooks/reignite-the-bond.html,reignite-the-bond.html,audiobooks/reignite-the-bond.html
audiobook,audiobooks/rising-from-the-ashes-a-comprehensive-guide-to-recovery-after-the-hollywood-hills-fire-2025.html,rising-from-the-ashes-a-comprehensive-guide-to-recovery-after-the-hollywood-hills-fire-2025.html,audiobooks/rising-from-the-ashes-a-comprehensive-guide-to-recovery-after-the-hollywood-hills-fire-2025.html
audiobook,audiobooks/rveillez-vous-une-vie-sacre.html,rveillez-vous-une-vie-sacre.html,audiobooks/rveillez-vous-une-vie-sacre.html
audiobook,audiobooks/r√©veillez-vous-√†-une-vie-sacr√©e.html,reveillez-vous-a-une-vie-sacree.html,audiobooks/reveillez-vous-a-une-vie-sacree.html
audiobook,audiobooks/sacred-energy-harvesting-methods.html,sacred-energy-harvesting-methods.html,audiobooks/sacred-energy-harvesting-methods.html
audiobook,audiobooks/sacred-patterns-a-transformational-journey-through-geometry-and-conscious-living.html,sacred-patterns-a-transformational-journey-through-geometry-and-conscious-living.html,audiobooks/sacred-patterns-a-transformational-journey-through-geometry-and-conscious-living.html
audiobook,audiobooks/sacred-timing-when-the-universe-speaks-through-synchronicity.html,sacred-timing-when-the-universe-speaks-through-synchronicity.html,audiobooks/sacred-timing-when-the-universe-speaks-through-synchronicity.html
audiobook,audiobooks/sacred-vibrational-technology.html,sacred-vibrational-technology.html,audiobooks/sacred-vibrational-technology.html
audiobook,audiobooks/schachintuition-meistern.html,schachintuition-meistern.html,audiobooks/schachintuition-meistern.html
audiobook,audiobooks/schumann-resonance-creativity.html,schumann-resonance-creativity.html,audiobooks/schumann-resonance-creativity.html
audiobook,audiobooks/se-reconstruire-de-la-douleur-la-renaissance.html,se-reconstruire-de-la-douleur-la-renaissance.html,audiobooks/se-reconstruire-de-la-douleur-la-renaissance.html
audiobook,audiobooks/se-reconstruire-de-la-douleur-√†-la-renaissance.html,se-reconstruire-de-la-douleur-a-la-renaissance.html,audiobooks/se-reconstruire-de-la-douleur-a-la-renaissance.html
audiobook,audiobooks/shadows-of-bloom.html,shadows-of-bloom.html,audiobooks/shadows-of-bloom.html
audiobook,audiobooks/shadows-of-redemption.html,shadows-of-redemption.html,audiobooks/shadows-of-redemption.html
audiobook,audiobooks/shadows-of-serenity.html,shadows-of-serenity.html,audiobooks/shadows-of-serenity.html
audiobook,audiobooks/shadows-reforged-the-war-isnt-ove.html,shadows-reforged-the-war-isnt-ove.html,audiobooks/shadows-reforged-the-war-isnt-ove.html
audiobook,audiobooks/shadows-reforged.html,shadows-reforged.html,audiobooks/shadows-reforged.html
audiobook,audiobooks/shadows-reignited.html,shadows-reignited.html,audiobooks/shadows-reignited.html
audiobook,audiobooks/shaping-the-future-embracing-trends-for-a-better-tomorrow.html,shaping-the-future-embracing-trends-for-a-better-tomorrow.html,audiobooks/shaping-the-future-embracing-trends-for-a-better-tomorrow.html
audiobook,audiobooks/spin-mastery-le-guide-ultime-du-dj-traktor.html,spin-mastery-le-guide-ultime-du-dj-traktor.html,audiobooks/spin-mastery-le-guide-ultime-du-dj-traktor.html
audiobook,audiobooks/spin-mastery.html,spin-mastery.html,audiobooks/spin-mastery.html
audiobook,audiobooks/spiritual-psychosis-memoir.html,spiritual-psychosis-memoir.html,audiobooks/spiritual-psychosis-memoir.html
audiobook,audiobooks/synarchon.html,synarchon.html,audiobooks/synarchon.html
audiobook,audiobooks/tcticas-avanzadas-juego-psicolgico-y-preparacin-para-torneos.html,tcticas-avanzadas-juego-psicolgico-y-preparacin-para-torneos.html,audiobooks/tcticas-avanzadas-juego-psicolgico-y-preparacin-para-torneos.html
audiobook,audiobooks/the-7-figure-blueprint-unlocking-the-power-of-your-million-dollar-book.html,the-7-figure-blueprint-unlocking-the-power-of-your-million-dollar-book.html,audiobooks/the-7-figure-blueprint-unlocking-the-power-of-your-million-dollar-book.html
audiobook,audiobooks/the-adventure-of-id01t-productions-a-story-of-passion-resilience-and-creativity.html,the-adventure-of-id01t-productions-a-story-of-passion-resilience-and-creativity.html,audiobooks/the-adventure-of-id01t-productions-a-story-of-passion-resilience-and-creativity.html
audiobook,audiobooks/the-architects-legacy.html,the-architects-legacy.html,audiobooks/the-architects-legacy.html
audiobook,audiobooks/the-art-of-beauty.html,the-art-of-beauty.html,audiobooks/the-art-of-beauty.html
audiobook,audiobooks/the-artifacts-whisper.html,the-artifacts-whisper.html,audiobooks/the-artifacts-whisper.html
audiobook,audiobooks/the-complete-beginner-to-intermediate-guide-to-json-for-veo-3-prompting.html,the-complete-beginner-to-intermediate-guide-to-json-for-veo-3-prompting.html,audiobooks/the-complete-beginner-to-intermediate-guide-to-json-for-veo-3-prompting.html
audiobook,audiobooks/the-digital-aftermath-navigating-life-beyond-the-great-platform-collapse.html,the-digital-aftermath-navigating-life-beyond-the-great-platform-collapse.html,audiobooks/the-digital-aftermath-navigating-life-beyond-the-great-platform-collapse.html
audiobook,audiobooks/the-dream-dialogue.html,the-dream-dialogue.html,audiobooks/the-dream-dialogue.html
audiobook,audiobooks/the-end-of-an-era-the-tiktok-shutdown-in-the-usa.html,the-end-of-an-era-the-tiktok-shutdown-in-the-usa.html,audiobooks/the-end-of-an-era-the-tiktok-shutdown-in-the-usa.html
audiobook,audiobooks/the-enigma-of-high-intellectual-potential-hip.html,the-enigma-of-high-intellectual-potential-hip.html,audiobooks/the-enigma-of-high-intellectual-potential-hip.html
audiobook,audiobooks/the-frequency-blueprint.html,the-frequency-blueprint.html,audiobooks/the-frequency-blueprint.html
audiobook,audiobooks/the-last-bow.html,the-last-bow.html,audiobooks/the-last-bow.html
audiobook,audiobooks/the-maglev-revolution.html,the-maglev-revolution.html,audiobooks/the-maglev-revolution.html
audiobook,audiobooks/the-many-realities.html,the-many-realities.html,audiobooks/the-many-realities.html
audiobook,audiobooks/the-power-of-repetition-transforming-minds-through-words.html,the-power-of-repetition-transforming-minds-through-words.html,audiobooks/the-power-of-repetition-transforming-minds-through-words.html
audiobook,audiobooks/the-quantum-enigma-unraveling-the-mysteries-of-reality.html,the-quantum-enigma-unraveling-the-mysteries-of-reality.html,audiobooks/the-quantum-enigma-unraveling-the-mysteries-of-reality.html
audiobook,audiobooks/the-quantum-passive-empire.html,the-quantum-passive-empire.html,audiobooks/the-quantum-passive-empire.html
audiobook,audiobooks/the-real-guide-to-using-ai-to-generate-perfect-veo-3-requests.html,the-real-guide-to-using-ai-to-generate-perfect-veo-3-requests.html,audiobooks/the-real-guide-to-using-ai-to-generate-perfect-veo-3-requests.html
audiobook,audiobooks/the-secrets-of-oak-island.html,the-secrets-of-oak-island.html,audiobooks/the-secrets-of-oak-island.html
audiobook,audiobooks/the-sun-is-not-what-you-were-told.html,the-sun-is-not-what-you-were-told.html,audiobooks/the-sun-is-not-what-you-were-told.html
audiobook,audiobooks/the-third-state-life-between-life-and-death.html,the-third-state-life-between-life-and-death.html,audiobooks/the-third-state-life-between-life-and-death.html
audiobook,audiobooks/to-the-top-of-the-mountain.html,to-the-top-of-the-mountain.html,audiobooks/to-the-top-of-the-mountain.html
audiobook,audiobooks/traktor-mastery-the-complete-professional-dj-system.html,traktor-mastery-the-complete-professional-dj-system.html,audiobooks/traktor-mastery-the-complete-professional-dj-system.html
audiobook,audiobooks/turings-legacy-classical-logic-to-quantum-revolution.html,turings-legacy-classical-logic-to-quantum-revolution.html,audiobooks/turings-legacy-classical-logic-to-quantum-revolution.html
audiobook,audiobooks/t√°cticas-avanzadas-juego-psicol√≥gico-y-preparaci√≥n-para-torneos.html,tacticas-avanzadas-juego-psicologico-y-preparacion-para-torneos.html,audiobooks/tacticas-avanzadas-juego-psicologico-y-preparacion-para-torneos.html
audiobook,audiobooks/understanding-your-cats-mind---edition-2.html,understanding-your-cats-mind-edition-2.html,audiobooks/understanding-your-cats-mind-edition-2.html
audiobook,audiobooks/understanding-your-cats-mind-edition-2.html,understanding-your-cats-mind-edition-2-6edf8ccc.html,audiobooks/understanding-your-cats-mind-edition-2-6edf8ccc.html
audiobook,audiobooks/understanding-your-cats-mind.html,understanding-your-cats-mind.html,audiobooks/understanding-your-cats-mind.html
audiobook,audiobooks/uniendo-mundos.html,uniendo-mundos.html,audiobooks/uniendo-mundos.html
audiobook,audiobooks/unire-i-mondi.html,unire-i-mondi.html,audiobooks/unire-i-mondi.html
audiobook,audiobooks/unstoppable-the-ultimate-guide-to-unlocking-your-potential-and-achieving-success.html,unstoppable-the-ultimate-guide-to-unlocking-your-potential-and-achieving-success.html,audiobooks/unstoppable-the-ultimate-guide-to-unlocking-your-potential-and-achieving-success.html
audiobook,audiobooks/veil-of-echoes.html,veil-of-echoes.html,audiobooks/veil-of-echoes.html
audiobook,audiobooks/visual-basic-zero-to-hero-edition-2.html,visual-basic-zero-to-hero-edition-2.html,audiobooks/visual-basic-zero-to-hero-edition-2.html
audiobook,audiobooks/when-cells-listen-the-hidden-symphony-of-sound-and-gene-expression.html,when-cells-listen-the-hidden-symphony-of-sound-and-gene-expression.html,audiobooks/when-cells-listen-the-hidden-symphony-of-sound-and-gene-expression.html
audiobook,audiobooks/windows-zero-to-hero.html,windows-zero-to-hero.html,audiobooks/windows-zero-to-hero.html
audiobook,audiobooks/zen-and-the-art-of-resilient-living.html,zen-and-the-art-of-resilient-living.html,audiobooks/zen-and-the-art-of-resilient-living.html
audiobook,audiobooks/zen-and-the-art-of-self-confidence.html,zen-and-the-art-of-self-confidence.html,audiobooks/zen-and-the-art-of-self-confidence.html
audiobook,audiobooks/–º–∞—Å—Ç–µ—Ä—Å—Ç–≤–æ-–≤-—à–∞—Ö–º–∞—Ç–∞—Ö.html,page.html,audiobooks/page.html
audiobook,audiobooks/–ø—Ä–æ–¥–≤–∏–Ω—É—Ç–∞—è-—Ç–∞–∫—Ç–∏–∫–∞-–ø—Å–∏—Ö–æ–ª–æ–≥–∏—á–µ—Å–∫–∞—è-–∏–≥—Ä–∞-–∏-–ø–æ–¥–≥–æ—Ç–æ–≤–∫–∞-–∫-—Ç—É—Ä–Ω–∏—Ä—É.html,page-f7080a00.html,audiobooks/page-f7080a00.html
audiobook,audiobooks/Êö¥È£éÈõ®Ââç-Êó†ÁïèËÆ∞ËÄÖÁöÑÂ¥õËµ∑.html,page-4d2d5399.html,audiobooks/page-4d2d5399.html
audiobook,audiobooks/Êù∞ÂÖãÁöÑÊëä‰Ωç.html,page-fa57b3d7.html,audiobooks/page-fa57b3d7.html
audiobook,audiobooks/ìÇÄ-synarch√©on-ìÇÄ.html,synarcheon.html,audiobooks/synarcheon.html
