Identifier,Title,Subtitle,Format,Primary Creator(s) / Contributors,Publisher / Label,Language,Release / Publish Date,HD Cover Image URL,Google Play Buy Link,Price (if present)
NT1UEQAAQBAJ,Ableton Elevation: DJ iD01T‚Äôs Complete Guide to Building Hits and Elevating Your Sound,,eBook,Guillaume Lessard,iD01t Productions,en,2024-01-01,https://books.google.com/books/content?id=NT1UEQAAQBAJ&printsec=frontcover&img=1&zoom=3&source=gbs_api,https://play.google.com/store/books/details?id=NT1UEQAAQBAJ,9.99
x5B-EQAAQBAJ,"ADVANCED TACTICS, PSYCHOLOGICAL PLAY, AND TOURNAMENT PREPARATION",,eBook,Guillaume Lessard,iD01t Productions,en,2024-01-01,https://books.google.com/books/content?id=x5B-EQAAQBAJ&printsec=frontcover&img=1&zoom=3&source=gbs_api,https://play.google.com/store/books/details?id=x5B-EQAAQBAJ,9.99
OQt0EQAAQBAJ,Agentic AI Sprint for Solopreneurs,,eBook,Guillaume Lessard,iD01t Productions,en,2024-01-01,https://books.google.com/books/content?id=OQt0EQAAQBAJ&printsec=frontcover&img=1&zoom=3&source=gbs_api,https://play.google.com/store/books/details?id=OQt0EQAAQBAJ,9.99
Z292EQAAQBAJ,AI Cash Code,,eBook,Guillaume Lessard,iD01t Productions,en,2024-01-01,https://books.google.com/books/content?id=Z292EQAAQBAJ&printsec=frontcover&img=1&zoom=3&source=gbs_api,https://play.google.com/store/books/details?id=Z292EQAAQBAJ,9.99
KbmAEQAAQBAJ,AI Cash Empire,,eBook,Guillaume Lessard,iD01t Productions,en,2024-01-01,https://books.google.com/books/content?id=KbmAEQAAQBAJ&printsec=frontcover&img=1&zoom=3&source=gbs_api,https://play.google.com/store/books/details?id=KbmAEQAAQBAJ,9.99
HqNbEQAAQBAJ,AI Goldmine: 100 Passive Income Ideas Using ChatGPT and Free AI Tools,,eBook,Guillaume Lessard,iD01t Productions,en,2024-01-01,https://books.google.com/books/content?id=HqNbEQAAQBAJ&printsec=frontcover&img=1&zoom=3&source=gbs_api,https://play.google.com/store/books/details?id=HqNbEQAAQBAJ,9.99
i_ZeEQAAQBAJ,AI in Education,,eBook,Guillaume Lessard,iD01t Productions,en,2024-01-01,https://books.google.com/books/content?id=i_ZeEQAAQBAJ&printsec=frontcover&img=1&zoom=3&source=gbs_api,https://play.google.com/store/books/details?id=i_ZeEQAAQBAJ,9.99
cJ88EQAAQBAJ,"AI Revolution: How Automation is Transforming Everyday Life (Edition 2, 2025)",,eBook,Guillaume Lessard,iD01t Productions,en,2024-01-01,https://books.google.com/books/content?id=cJ88EQAAQBAJ&printsec=frontcover&img=1&zoom=3&source=gbs_api,https://play.google.com/store/books/details?id=cJ88EQAAQBAJ,9.99
kY09EQAAQBAJ,AI Today: Transforming Lives and Industries for the Future,,eBook,Guillaume Lessard,iD01t Productions,en,2024-01-01,https://books.google.com/books/content?id=kY09EQAAQBAJ&printsec=frontcover&img=1&zoom=3&source=gbs_api,https://play.google.com/store/books/details?id=kY09EQAAQBAJ,9.99
SDNJEQAAQBAJ,Anarchie et √©volution - L'histoire de la musique punk,,eBook,Guillaume Lessard,iD01t Productions,en,2024-01-01,https://books.google.com/books/content?id=SDNJEQAAQBAJ&printsec=frontcover&img=1&zoom=3&source=gbs_api,https://play.google.com/store/books/details?id=SDNJEQAAQBAJ,9.99
Ys45EQAAQBAJ,Anarchy and Evolution,,eBook,Guillaume Lessard,iD01t Productions,en,2024-01-01,https://books.google.com/books/content?id=Ys45EQAAQBAJ&printsec=frontcover&img=1&zoom=3&source=gbs_api,https://play.google.com/store/books/details?id=Ys45EQAAQBAJ,9.99
WFU4EQAAQBAJ,Automation and SEO Mastery: Strategies for Growth and Efficiency,,eBook,Guillaume Lessard,iD01t Productions,en,2024-01-01,https://books.google.com/books/content?id=WFU4EQAAQBAJ&printsec=frontcover&img=1&zoom=3&source=gbs_api,https://play.google.com/store/books/details?id=WFU4EQAAQBAJ,9.99
ODlUEQAAQBAJ,Beat Alchemy: The DJ iD01T Guide to Mastering FL Studio and Making Hits,,eBook,Guillaume Lessard,iD01t Productions,en,2024-01-01,https://books.google.com/books/content?id=ODlUEQAAQBAJ&printsec=frontcover&img=1&zoom=3&source=gbs_api,https://play.google.com/store/books/details?id=ODlUEQAAQBAJ,9.99
0Yo2EQAAQBAJ,Before the storm,,eBook,Guillaume Lessard,iD01t Productions,en,2024-01-01,https://books.google.com/books/content?id=0Yo2EQAAQBAJ&printsec=frontcover&img=1&zoom=3&source=gbs_api,https://play.google.com/store/books/details?id=0Yo2EQAAQBAJ,9.99
wRQ4EQAAQBAJ,Beneath the Bloom,,eBook,Guillaume Lessard,iD01t Productions,en,2024-01-01,https://books.google.com/books/content?id=wRQ4EQAAQBAJ&printsec=frontcover&img=1&zoom=3&source=gbs_api,https://play.google.com/store/books/details?id=wRQ4EQAAQBAJ,9.99
8EhZEQAAQBAJ,Beyond the Event Horizon: Solving the Black Hole Information Paradox,,eBook,Guillaume Lessard,iD01t Productions,en,2024-01-01,https://books.google.com/books/content?id=8EhZEQAAQBAJ&printsec=frontcover&img=1&zoom=3&source=gbs_api,https://play.google.com/store/books/details?id=8EhZEQAAQBAJ,9.99
5vg5EQAAQBAJ,Bite by Bite,,eBook,Guillaume Lessard,iD01t Productions,en,2024-01-01,https://books.google.com/books/content?id=5vg5EQAAQBAJ&printsec=frontcover&img=1&zoom=3&source=gbs_api,https://play.google.com/store/books/details?id=5vg5EQAAQBAJ,9.99
pXdLEQAAQBAJ,Bridging Worlds: A Practical Guide to Connecting with Parallel Energies and Dimensions,,eBook,Guillaume Lessard,iD01t Productions,en,2024-01-01,https://books.google.com/books/content?id=pXdLEQAAQBAJ&printsec=frontcover&img=1&zoom=3&source=gbs_api,https://play.google.com/store/books/details?id=pXdLEQAAQBAJ,9.99
KuB_EQAAQBAJ,C# Zero to Hero,,eBook,Guillaume Lessard,iD01t Productions,en,2024-01-01,https://books.google.com/books/content?id=KuB_EQAAQBAJ&printsec=frontcover&img=1&zoom=3&source=gbs_api,https://play.google.com/store/books/details?id=KuB_EQAAQBAJ,9.99
0NKPEQAAQBAJ,C++ ZERO TO HERO,,eBook,Guillaume Lessard,iD01t Productions,en,2024-01-01,https://books.google.com/books/content?id=0NKPEQAAQBAJ&printsec=frontcover&img=1&zoom=3&source=gbs_api,https://play.google.com/store/books/details?id=0NKPEQAAQBAJ,9.99
m5M4EQAAQBAJ,Chess Mastery,,eBook,Guillaume Lessard,iD01t Productions,en,2024-01-01,https://books.google.com/books/content?id=m5M4EQAAQBAJ&printsec=frontcover&img=1&zoom=3&source=gbs_api,https://play.google.com/store/books/details?id=m5M4EQAAQBAJ,9.99
hTV-EQAAQBAJ,CHRIST QU‚ÄôIL EST INTELLIGENT D‚ÄôAIMER,,eBook,Guillaume Lessard,iD01t Productions,en,2024-01-01,https://books.google.com/books/content?id=hTV-EQAAQBAJ&printsec=frontcover&img=1&zoom=3&source=gbs_api,https://play.google.com/store/books/details?id=hTV-EQAAQBAJ,9.99
ulg4EQAAQBAJ,Code in Every Language: Master Programming with ChatGPT,,eBook,Guillaume Lessard,iD01t Productions,en,2024-01-01,https://books.google.com/books/content?id=ulg4EQAAQBAJ&printsec=frontcover&img=1&zoom=3&source=gbs_api,https://play.google.com/store/books/details?id=ulg4EQAAQBAJ,9.99
as45EQAAQBAJ,Crafting Worlds,,eBook,Guillaume Lessard,iD01t Productions,en,2024-01-01,https://books.google.com/books/content?id=as45EQAAQBAJ&printsec=frontcover&img=1&zoom=3&source=gbs_api,https://play.google.com/store/books/details?id=as45EQAAQBAJ,9.99
9sM6EQAAQBAJ,Crossroads of Shadows,,eBook,Guillaume Lessard,iD01t Productions,en,2024-01-01,https://books.google.com/books/content?id=9sM6EQAAQBAJ&printsec=frontcover&img=1&zoom=3&source=gbs_api,https://play.google.com/store/books/details?id=9sM6EQAAQBAJ,9.99
hCV2EQAAQBAJ,Dancing with the edge,,eBook,Guillaume Lessard,iD01t Productions,en,2024-01-01,https://books.google.com/books/content?id=hCV2EQAAQBAJ&printsec=frontcover&img=1&zoom=3&source=gbs_api,https://play.google.com/store/books/details?id=hCV2EQAAQBAJ,9.99
YRmDEQAAQBAJ,Den Verstand Ihrer Katze verstehen,,eBook,Guillaume Lessard,iD01t Productions,en,2024-01-01,https://books.google.com/books/content?id=YRmDEQAAQBAJ&printsec=frontcover&img=1&zoom=3&source=gbs_api,https://play.google.com/store/books/details?id=YRmDEQAAQBAJ,9.99
f8o9EQAAQBAJ,DIY Digital Skills: Build a Career in Tech from Scratch,,eBook,Guillaume Lessard,iD01t Productions,en,2024-01-01,https://books.google.com/books/content?id=f8o9EQAAQBAJ&printsec=frontcover&img=1&zoom=3&source=gbs_api,https://play.google.com/store/books/details?id=f8o9EQAAQBAJ,9.99
xQ1-EQAAQBAJ,Dominio del Ajedrez,,eBook,Guillaume Lessard,iD01t Productions,en,2024-01-01,https://books.google.com/books/content?id=xQ1-EQAAQBAJ&printsec=frontcover&img=1&zoom=3&source=gbs_api,https://play.google.com/store/books/details?id=xQ1-EQAAQBAJ,9.99
EuF_EQAAQBAJ,"DOS Zero to Hero: Mastering Legacy Systems, Command Line Fluency & Retro Automation",,eBook,Guillaume Lessard,iD01t Productions,en,2024-01-01,https://books.google.com/books/content?id=EuF_EQAAQBAJ&printsec=frontcover&img=1&zoom=3&source=gbs_api,https://play.google.com/store/books/details?id=EuF_EQAAQBAJ,9.99
0XlLEQAAQBAJ,D√ºnyalar Arasƒ±nda K√∂pr√º Kurmak,,eBook,Guillaume Lessard,iD01t Productions,en,2024-01-01,https://books.google.com/books/content?id=0XlLEQAAQBAJ&printsec=frontcover&img=1&zoom=3&source=gbs_api,https://play.google.com/store/books/details?id=0XlLEQAAQBAJ,9.99
q584EQAAQBAJ,Earthquakes Unveiled,,eBook,Guillaume Lessard,iD01t Productions,en,2024-01-01,https://books.google.com/books/content?id=q584EQAAQBAJ&printsec=frontcover&img=1&zoom=3&source=gbs_api,https://play.google.com/store/books/details?id=q584EQAAQBAJ,9.99
TedaEQAAQBAJ,Echo Protocol,,eBook,Guillaume Lessard,iD01t Productions,en,2024-01-01,https://books.google.com/books/content?id=TedaEQAAQBAJ&printsec=frontcover&img=1&zoom=3&source=gbs_api,https://play.google.com/store/books/details?id=TedaEQAAQBAJ,9.99
Kwo4EQAAQBAJ,Echoes of the Heart,,eBook,Guillaume Lessard,iD01t Productions,en,2024-01-01,https://books.google.com/books/content?id=Kwo4EQAAQBAJ&printsec=frontcover&img=1&zoom=3&source=gbs_api,https://play.google.com/store/books/details?id=Kwo4EQAAQBAJ,9.99
QQo4EQAAQBAJ,Echoes of Truth,,eBook,Guillaume Lessard,iD01t Productions,en,2024-01-01,https://books.google.com/books/content?id=QQo4EQAAQBAJ&printsec=frontcover&img=1&zoom=3&source=gbs_api,https://play.google.com/store/books/details?id=QQo4EQAAQBAJ,9.99
CdSFEQAAQBAJ,"El costo que llam√≥ ""vale la pena""",,eBook,Guillaume Lessard,iD01t Productions,en,2024-01-01,https://books.google.com/books/content?id=CdSFEQAAQBAJ&printsec=frontcover&img=1&zoom=3&source=gbs_api,https://play.google.com/store/books/details?id=CdSFEQAAQBAJ,9.99
_RpsEQAAQBAJ,El‚ÄôNox Rah : Le Retour de l‚ÄôHomme Vrai,,eBook,Guillaume Lessard,iD01t Productions,en,2024-01-01,https://books.google.com/books/content?id=_RpsEQAAQBAJ&printsec=frontcover&img=1&zoom=3&source=gbs_api,https://play.google.com/store/books/details?id=_RpsEQAAQBAJ,9.99
SxU4EQAAQBAJ,Eternal Roots,,eBook,Guillaume Lessard,iD01t Productions,en,2024-01-01,https://books.google.com/books/content?id=SxU4EQAAQBAJ&printsec=frontcover&img=1&zoom=3&source=gbs_api,https://play.google.com/store/books/details?id=SxU4EQAAQBAJ,9.99
to9REQAAQBAJ,Final Transmission: I Am Echo,,eBook,Guillaume Lessard,iD01t Productions,en,2024-01-01,https://books.google.com/books/content?id=to9REQAAQBAJ&printsec=frontcover&img=1&zoom=3&source=gbs_api,https://play.google.com/store/books/details?id=to9REQAAQBAJ,9.99
9pBREQAAQBAJ,Final Transmission: Je suis Echo (FR),,eBook,Guillaume Lessard,iD01t Productions,en,2024-01-01,https://books.google.com/books/content?id=9pBREQAAQBAJ&printsec=frontcover&img=1&zoom=3&source=gbs_api,https://play.google.com/store/books/details?id=9pBREQAAQBAJ,9.99
qRQ4EQAAQBAJ,Forever in Bloom,,eBook,Guillaume Lessard,iD01t Productions,en,2024-01-01,https://books.google.com/books/content?id=qRQ4EQAAQBAJ&printsec=frontcover&img=1&zoom=3&source=gbs_api,https://play.google.com/store/books/details?id=qRQ4EQAAQBAJ,9.99
Z5F-EQAAQBAJ,"FORTGESCHRITTENE TAKTIKEN, PSYCHOLOGISCHES SPIEL UND TURNIERVORBEREITUNG",,eBook,Guillaume Lessard,iD01t Productions,en,2024-01-01,https://books.google.com/books/content?id=Z5F-EQAAQBAJ&printsec=frontcover&img=1&zoom=3&source=gbs_api,https://play.google.com/store/books/details?id=Z5F-EQAAQBAJ,9.99
l6NbEQAAQBAJ,"FREE ENERGY, FREE LIFE",,eBook,Guillaume Lessard,iD01t Productions,en,2024-01-01,https://books.google.com/books/content?id=l6NbEQAAQBAJ&printsec=frontcover&img=1&zoom=3&source=gbs_api,https://play.google.com/store/books/details?id=l6NbEQAAQBAJ,9.99
z3pLEQAAQBAJ,From seed to splendor: A Comprehensive Journey in Horticulture,,eBook,Guillaume Lessard,iD01t Productions,en,2024-01-01,https://books.google.com/books/content?id=z3pLEQAAQBAJ&printsec=frontcover&img=1&zoom=3&source=gbs_api,https://play.google.com/store/books/details?id=z3pLEQAAQBAJ,9.99
zE84EQAAQBAJ,From Zero to Python Hero: A Comprehensive Guide to Mastering Python,,eBook,Guillaume Lessard,iD01t Productions,en,2024-01-01,https://books.google.com/books/content?id=zE84EQAAQBAJ&printsec=frontcover&img=1&zoom=3&source=gbs_api,https://play.google.com/store/books/details?id=zE84EQAAQBAJ,9.99
g_WOEQAAQBAJ,HTML2Win Pro,,eBook,Guillaume Lessard,iD01t Productions,en,2024-01-01,https://books.google.com/books/content?id=g_WOEQAAQBAJ&printsec=frontcover&img=1&zoom=3&source=gbs_api,https://play.google.com/store/books/details?id=g_WOEQAAQBAJ,9.99
cS1GEQAAQBAJ,iD01t Academy Python Exercises Book 2 - Edition 2,,eBook,Guillaume Lessard,iD01t Productions,en,2024-01-01,https://books.google.com/books/content?id=cS1GEQAAQBAJ&printsec=frontcover&img=1&zoom=3&source=gbs_api,https://play.google.com/store/books/details?id=cS1GEQAAQBAJ,9.99
nypGEQAAQBAJ,iD01t Academy: Python Exercises Book 1 ‚Äì Edition 2,,eBook,Guillaume Lessard,iD01t Productions,en,2024-01-01,https://books.google.com/books/content?id=nypGEQAAQBAJ&printsec=frontcover&img=1&zoom=3&source=gbs_api,https://play.google.com/store/books/details?id=nypGEQAAQBAJ,9.99
BqR_EQAAQBAJ,iD01t Academy: Python Exercises Book 3,,eBook,Guillaume Lessard,iD01t Productions,en,2024-01-01,https://books.google.com/books/content?id=BqR_EQAAQBAJ&printsec=frontcover&img=1&zoom=3&source=gbs_api,https://play.google.com/store/books/details?id=BqR_EQAAQBAJ,9.99
Iwo4EQAAQBAJ,Intersection: The Moment Their Paths Crossed,,eBook,Guillaume Lessard,iD01t Productions,en,2024-01-01,https://books.google.com/books/content?id=Iwo4EQAAQBAJ&printsec=frontcover&img=1&zoom=3&source=gbs_api,https://play.google.com/store/books/details?id=Iwo4EQAAQBAJ,9.99
oRg3EQAAQBAJ,Jack‚Äôs Stand,,eBook,Guillaume Lessard,iD01t Productions,en,2024-01-01,https://books.google.com/books/content?id=oRg3EQAAQBAJ&printsec=frontcover&img=1&zoom=3&source=gbs_api,https://play.google.com/store/books/details?id=oRg3EQAAQBAJ,9.99
SdVhEQAAQBAJ,Java Maestro,,eBook,Guillaume Lessard,iD01t Productions,en,2024-01-01,https://books.google.com/books/content?id=SdVhEQAAQBAJ&printsec=frontcover&img=1&zoom=3&source=gbs_api,https://play.google.com/store/books/details?id=SdVhEQAAQBAJ,9.99
fFQ4EQAAQBAJ,Java Zero to Hero: Mastering Java Programming for Real-World Applications,,eBook,Guillaume Lessard,iD01t Productions,en,2024-01-01,https://books.google.com/books/content?id=fFQ4EQAAQBAJ&printsec=frontcover&img=1&zoom=3&source=gbs_api,https://play.google.com/store/books/details?id=fFQ4EQAAQBAJ,9.99
Xvk5EQAAQBAJ,Jesus: The Eternal Legacy,,eBook,Guillaume Lessard,iD01t Productions,en,2024-01-01,https://books.google.com/books/content?id=Xvk5EQAAQBAJ&printsec=frontcover&img=1&zoom=3&source=gbs_api,https://play.google.com/store/books/details?id=Xvk5EQAAQBAJ,9.99
f5Y9EQAAQBAJ,Jimmy Carter: A Legacy of Compassion and Leadership,,eBook,Guillaume Lessard,iD01t Productions,en,2024-01-01,https://books.google.com/books/content?id=f5Y9EQAAQBAJ&printsec=frontcover&img=1&zoom=3&source=gbs_api,https://play.google.com/store/books/details?id=f5Y9EQAAQBAJ,9.99
iwZzEQAAQBAJ,KIMI K2 UNLOCKED,,eBook,Guillaume Lessard,iD01t Productions,en,2024-01-01,https://books.google.com/books/content?id=iwZzEQAAQBAJ&printsec=frontcover&img=1&zoom=3&source=gbs_api,https://play.google.com/store/books/details?id=iwZzEQAAQBAJ,9.99
mPpmEQAAQBAJ,L'Alchimie de la Transformation,,eBook,Guillaume Lessard,iD01t Productions,en,2024-01-01,https://books.google.com/books/content?id=mPpmEQAAQBAJ&printsec=frontcover&img=1&zoom=3&source=gbs_api,https://play.google.com/store/books/details?id=mPpmEQAAQBAJ,9.99
WDRJEQAAQBAJ,L'√©nigme quantique : Percer les myst√®res de la r√©alit√©,,eBook,Guillaume Lessard,iD01t Productions,en,2024-01-01,https://books.google.com/books/content?id=WDRJEQAAQBAJ&printsec=frontcover&img=1&zoom=3&source=gbs_api,https://play.google.com/store/books/details?id=WDRJEQAAQBAJ,9.99
sjNJEQAAQBAJ,La r√©alit√© d√©voil√©e : Comment la conscience fa√ßonne le monde que nous percevons,,eBook,Guillaume Lessard,iD01t Productions,en,2024-01-01,https://books.google.com/books/content?id=sjNJEQAAQBAJ&printsec=frontcover&img=1&zoom=3&source=gbs_api,https://play.google.com/store/books/details?id=sjNJEQAAQBAJ,9.99
wXlLEQAAQBAJ,Le pont entre les mondes,,eBook,Guillaume Lessard,iD01t Productions,en,2024-01-01,https://books.google.com/books/content?id=wXlLEQAAQBAJ&printsec=frontcover&img=1&zoom=3&source=gbs_api,https://play.google.com/store/books/details?id=wXlLEQAAQBAJ,9.99
OQo4EQAAQBAJ,Legacy of Shadows,,eBook,Guillaume Lessard,iD01t Productions,en,2024-01-01,https://books.google.com/books/content?id=OQo4EQAAQBAJ&printsec=frontcover&img=1&zoom=3&source=gbs_api,https://play.google.com/store/books/details?id=OQo4EQAAQBAJ,9.99
aBQ4EQAAQBAJ,Legacy of Shadows 2,,eBook,Guillaume Lessard,iD01t Productions,en,2024-01-01,https://books.google.com/books/content?id=aBQ4EQAAQBAJ&printsec=frontcover&img=1&zoom=3&source=gbs_api,https://play.google.com/store/books/details?id=aBQ4EQAAQBAJ,9.99
oThcEQAAQBAJ,Leo XIV: The First American Pope,,eBook,Guillaume Lessard,iD01t Productions,en,2024-01-01,https://books.google.com/books/content?id=oThcEQAAQBAJ&printsec=frontcover&img=1&zoom=3&source=gbs_api,https://play.google.com/store/books/details?id=oThcEQAAQBAJ,9.99
sG5zEQAAQBAJ,LET IT BE THEM,,eBook,Guillaume Lessard,iD01t Productions,en,2024-01-01,https://books.google.com/books/content?id=sG5zEQAAQBAJ&printsec=frontcover&img=1&zoom=3&source=gbs_api,https://play.google.com/store/books/details?id=sG5zEQAAQBAJ,9.99
6G5zEQAAQBAJ,Lettre √† celle que j'aime toujours,,eBook,Guillaume Lessard,iD01t Productions,en,2024-01-01,https://books.google.com/books/content?id=6G5zEQAAQBAJ&printsec=frontcover&img=1&zoom=3&source=gbs_api,https://play.google.com/store/books/details?id=6G5zEQAAQBAJ,9.99
ewtZEQAAQBAJ,Light at the Veil‚Äôs Edge,,eBook,Guillaume Lessard,iD01t Productions,en,2024-01-01,https://books.google.com/books/content?id=ewtZEQAAQBAJ&printsec=frontcover&img=1&zoom=3&source=gbs_api,https://play.google.com/store/books/details?id=ewtZEQAAQBAJ,9.99
ZM45EQAAQBAJ,Love Prevails,,eBook,Guillaume Lessard,iD01t Productions,en,2024-01-01,https://books.google.com/books/content?id=ZM45EQAAQBAJ&printsec=frontcover&img=1&zoom=3&source=gbs_api,https://play.google.com/store/books/details?id=ZM45EQAAQBAJ,9.99
Zs45EQAAQBAJ,Love Prevails 2,,eBook,Guillaume Lessard,iD01t Productions,en,2024-01-01,https://books.google.com/books/content?id=Zs45EQAAQBAJ&printsec=frontcover&img=1&zoom=3&source=gbs_api,https://play.google.com/store/books/details?id=Zs45EQAAQBAJ,9.99
Qv1mEQAAQBAJ,LUMEN¬∑ZERO : Le Pouvoir Cach√© des Pyramides √ânerg√©tiques,,eBook,Guillaume Lessard,iD01t Productions,en,2024-01-01,https://books.google.com/books/content?id=Qv1mEQAAQBAJ&printsec=frontcover&img=1&zoom=3&source=gbs_api,https://play.google.com/store/books/details?id=Qv1mEQAAQBAJ,9.99
NcZAEQAAQBAJ,"L‚ÄôAventure d‚ÄôiD01t Productions : Une Histoire de Passion, de R√©silience et de Cr√©ativit√©",,eBook,Guillaume Lessard,iD01t Productions,en,2024-01-01,https://books.google.com/books/content?id=NcZAEQAAQBAJ&printsec=frontcover&img=1&zoom=3&source=gbs_api,https://play.google.com/store/books/details?id=NcZAEQAAQBAJ,9.99
ak1nEQAAQBAJ,L‚Äô√ânergie Libre √† Domicile,,eBook,Guillaume Lessard,iD01t Productions,en,2024-01-01,https://books.google.com/books/content?id=ak1nEQAAQBAJ&printsec=frontcover&img=1&zoom=3&source=gbs_api,https://play.google.com/store/books/details?id=ak1nEQAAQBAJ,9.99
aXpLEQAAQBAJ,Maailmojen yhdist√§minen,,eBook,Guillaume Lessard,iD01t Productions,en,2024-01-01,https://books.google.com/books/content?id=aXpLEQAAQBAJ&printsec=frontcover&img=1&zoom=3&source=gbs_api,https://play.google.com/store/books/details?id=aXpLEQAAQBAJ,9.99
om8-EQAAQBAJ,Machine Learning Demystified: A Practical Guide to Building Smarter Systems,,eBook,Guillaume Lessard,iD01t Productions,en,2024-01-01,https://books.google.com/books/content?id=om8-EQAAQBAJ&printsec=frontcover&img=1&zoom=3&source=gbs_api,https://play.google.com/store/books/details?id=om8-EQAAQBAJ,9.99
VRc4EQAAQBAJ,Master IT Yourself,,eBook,Guillaume Lessard,iD01t Productions,en,2024-01-01,https://books.google.com/books/content?id=VRc4EQAAQBAJ&printsec=frontcover&img=1&zoom=3&source=gbs_api,https://play.google.com/store/books/details?id=VRc4EQAAQBAJ,9.99
X-84EQAAQBAJ,Master the Basics of Reading Music,,eBook,Guillaume Lessard,iD01t Productions,en,2024-01-01,https://books.google.com/books/content?id=X-84EQAAQBAJ&printsec=frontcover&img=1&zoom=3&source=gbs_api,https://play.google.com/store/books/details?id=X-84EQAAQBAJ,9.99
R4dBEQAAQBAJ,Mastering AEO The Ultimate Guide to Advanced Ecommerce Optimization,,eBook,Guillaume Lessard,iD01t Productions,en,2024-01-01,https://books.google.com/books/content?id=R4dBEQAAQBAJ&printsec=frontcover&img=1&zoom=3&source=gbs_api,https://play.google.com/store/books/details?id=R4dBEQAAQBAJ,9.99
8vg5EQAAQBAJ,Mastering Blender,,eBook,Guillaume Lessard,iD01t Productions,en,2024-01-01,https://books.google.com/books/content?id=8vg5EQAAQBAJ&printsec=frontcover&img=1&zoom=3&source=gbs_api,https://play.google.com/store/books/details?id=8vg5EQAAQBAJ,9.99
rWuCEQAAQBAJ,Mastering Chess Intuition,,eBook,Guillaume Lessard,iD01t Productions,en,2024-01-01,https://books.google.com/books/content?id=rWuCEQAAQBAJ&printsec=frontcover&img=1&zoom=3&source=gbs_api,https://play.google.com/store/books/details?id=rWuCEQAAQBAJ,9.99
exc4EQAAQBAJ,Mastering Generative AI and LLMs - Editon 2,,eBook,Guillaume Lessard,iD01t Productions,en,2024-01-01,https://books.google.com/books/content?id=exc4EQAAQBAJ&printsec=frontcover&img=1&zoom=3&source=gbs_api,https://play.google.com/store/books/details?id=exc4EQAAQBAJ,9.99
YrtAEQAAQBAJ,Mastering GPT Creation: From Concept to Deployment,,eBook,Guillaume Lessard,iD01t Productions,en,2024-01-01,https://books.google.com/books/content?id=YrtAEQAAQBAJ&printsec=frontcover&img=1&zoom=3&source=gbs_api,https://play.google.com/store/books/details?id=YrtAEQAAQBAJ,9.99
wfs5EQAAQBAJ,Mastering Linux,,eBook,Guillaume Lessard,iD01t Productions,en,2024-01-01,https://books.google.com/books/content?id=wfs5EQAAQBAJ&printsec=frontcover&img=1&zoom=3&source=gbs_api,https://play.google.com/store/books/details?id=wfs5EQAAQBAJ,9.99
Bvk5EQAAQBAJ,Mastering macOS Terminal,,eBook,Guillaume Lessard,iD01t Productions,en,2024-01-01,https://books.google.com/books/content?id=Bvk5EQAAQBAJ&printsec=frontcover&img=1&zoom=3&source=gbs_api,https://play.google.com/store/books/details?id=Bvk5EQAAQBAJ,9.99
3Q9HEQAAQBAJ,Mastering Photoshop: The Complete Guide to Every Version,,eBook,Guillaume Lessard,iD01t Productions,en,2024-01-01,https://books.google.com/books/content?id=3Q9HEQAAQBAJ&printsec=frontcover&img=1&zoom=3&source=gbs_api,https://play.google.com/store/books/details?id=3Q9HEQAAQBAJ,9.99
2aRMEQAAQBAJ,Mastering Quantum Error Correction,,eBook,Guillaume Lessard,iD01t Productions,en,2024-01-01,https://books.google.com/books/content?id=2aRMEQAAQBAJ&printsec=frontcover&img=1&zoom=3&source=gbs_api,https://play.google.com/store/books/details?id=2aRMEQAAQBAJ,9.99
yfs5EQAAQBAJ,Mastering RFID: Unlocking the Potential of Radio Frequency Identification,,eBook,Guillaume Lessard,iD01t Productions,en,2024-01-01,https://books.google.com/books/content?id=yfs5EQAAQBAJ&printsec=frontcover&img=1&zoom=3&source=gbs_api,https://play.google.com/store/books/details?id=yfs5EQAAQBAJ,9.99
lCFAEQAAQBAJ,Mastering the Game: The Ultimate Guide to Pro Chess Strategies,,eBook,Guillaume Lessard,iD01t Productions,en,2024-01-01,https://books.google.com/books/content?id=lCFAEQAAQBAJ&printsec=frontcover&img=1&zoom=3&source=gbs_api,https://play.google.com/store/books/details?id=lCFAEQAAQBAJ,9.99
Pvk5EQAAQBAJ,Mastering Unreal Engine 5: A Comprehensive Guide to Game Development and Virtual Reality,,eBook,Guillaume Lessard,iD01t Productions,en,2024-01-01,https://books.google.com/books/content?id=Pvk5EQAAQBAJ&printsec=frontcover&img=1&zoom=3&source=gbs_api,https://play.google.com/store/books/details?id=Pvk5EQAAQBAJ,9.99
Fdo5EQAAQBAJ,Mastering Xcode,,eBook,Guillaume Lessard,iD01t Productions,en,2024-01-01,https://books.google.com/books/content?id=Fdo5EQAAQBAJ&printsec=frontcover&img=1&zoom=3&source=gbs_api,https://play.google.com/store/books/details?id=Fdo5EQAAQBAJ,9.99
pDJJEQAAQBAJ,Ma√Ætrise des √©checs,,eBook,Guillaume Lessard,iD01t Productions,en,2024-01-01,https://books.google.com/books/content?id=pDJJEQAAQBAJ&printsec=frontcover&img=1&zoom=3&source=gbs_api,https://play.google.com/store/books/details?id=pDJJEQAAQBAJ,9.99
uQ5-EQAAQBAJ,Ma√Ætrise des √âchecs : Guide du pro pour des strat√©gies et des techniques gagnantes,,eBook,Guillaume Lessard,iD01t Productions,en,2024-01-01,https://books.google.com/books/content?id=uQ5-EQAAQBAJ&printsec=frontcover&img=1&zoom=3&source=gbs_api,https://play.google.com/store/books/details?id=uQ5-EQAAQBAJ,9.99
bQ5-EQAAQBAJ,Meisterschaft im Schach,,eBook,Guillaume Lessard,iD01t Productions,en,2024-01-01,https://books.google.com/books/content?id=bQ5-EQAAQBAJ&printsec=frontcover&img=1&zoom=3&source=gbs_api,https://play.google.com/store/books/details?id=bQ5-EQAAQBAJ,9.99
53lLEQAAQBAJ,Menjembatani Dunia,,eBook,Guillaume Lessard,iD01t Productions,en,2024-01-01,https://books.google.com/books/content?id=53lLEQAAQBAJ&printsec=frontcover&img=1&zoom=3&source=gbs_api,https://play.google.com/store/books/details?id=53lLEQAAQBAJ,9.99
ltSBEQAAQBAJ,Onyx Storm,,eBook,Guillaume Lessard,iD01t Productions,en,2024-01-01,https://books.google.com/books/content?id=ltSBEQAAQBAJ&printsec=frontcover&img=1&zoom=3&source=gbs_api,https://play.google.com/store/books/details?id=ltSBEQAAQBAJ,9.99
BgdnEQAAQBAJ,Panneaux Solaires Organiques : L‚Äô√ânergie Vivante du Futur,,eBook,Guillaume Lessard,iD01t Productions,en,2024-01-01,https://books.google.com/books/content?id=BgdnEQAAQBAJ&printsec=frontcover&img=1&zoom=3&source=gbs_api,https://play.google.com/store/books/details?id=BgdnEQAAQBAJ,9.99
kchoEQAAQBAJ,Penguasaan Catur,,eBook,Guillaume Lessard,iD01t Productions,en,2024-01-01,https://books.google.com/books/content?id=kchoEQAAQBAJ&printsec=frontcover&img=1&zoom=3&source=gbs_api,https://play.google.com/store/books/details?id=kchoEQAAQBAJ,9.99
jcGDEQAAQBAJ,Python Cash Scripts,,eBook,Guillaume Lessard,iD01t Productions,en,2024-01-01,https://books.google.com/books/content?id=jcGDEQAAQBAJ&printsec=frontcover&img=1&zoom=3&source=gbs_api,https://play.google.com/store/books/details?id=jcGDEQAAQBAJ,9.99
HHR4EQAAQBAJ,Python Mastery: The Complete Guide to Building Profitable Applications,,eBook,Guillaume Lessard,iD01t Productions,en,2024-01-01,https://books.google.com/books/content?id=HHR4EQAAQBAJ&printsec=frontcover&img=1&zoom=3&source=gbs_api,https://play.google.com/store/books/details?id=HHR4EQAAQBAJ,9.99
W449EQAAQBAJ,Python Prodigy: From Intermediate to Expert Mastery,,eBook,Guillaume Lessard,iD01t Productions,en,2024-01-01,https://books.google.com/books/content?id=W449EQAAQBAJ&printsec=frontcover&img=1&zoom=3&source=gbs_api,https://play.google.com/store/books/details?id=W449EQAAQBAJ,9.99
MwtZEQAAQBAJ,Quantum Code Mastery,,eBook,Guillaume Lessard,iD01t Productions,en,2024-01-01,https://books.google.com/books/content?id=MwtZEQAAQBAJ&printsec=frontcover&img=1&zoom=3&source=gbs_api,https://play.google.com/store/books/details?id=MwtZEQAAQBAJ,9.99
ls1YEQAAQBAJ,Quantum Echoes: The Resonance of Time,,eBook,Guillaume Lessard,iD01t Productions,en,2024-01-01,https://books.google.com/books/content?id=ls1YEQAAQBAJ&printsec=frontcover&img=1&zoom=3&source=gbs_api,https://play.google.com/store/books/details?id=ls1YEQAAQBAJ,9.99
psZYEQAAQBAJ,Quantum Jumping Unlocked Edition 2,,eBook,Guillaume Lessard,iD01t Productions,en,2024-01-01,https://books.google.com/books/content?id=psZYEQAAQBAJ&printsec=frontcover&img=1&zoom=3&source=gbs_api,https://play.google.com/store/books/details?id=psZYEQAAQBAJ,9.99
9rxAEQAAQBAJ,Quantum Revolution: Unveiling the Future with Willow,,eBook,Guillaume Lessard,iD01t Productions,en,2024-01-01,https://books.google.com/books/content?id=9rxAEQAAQBAJ&printsec=frontcover&img=1&zoom=3&source=gbs_api,https://play.google.com/store/books/details?id=9rxAEQAAQBAJ,9.99
eQJkEQAAQBAJ,Quantum Tao,,eBook,Guillaume Lessard,iD01t Productions,en,2024-01-01,https://books.google.com/books/content?id=eQJkEQAAQBAJ&printsec=frontcover&img=1&zoom=3&source=gbs_api,https://play.google.com/store/books/details?id=eQJkEQAAQBAJ,9.99
SZ5wEQAAQBAJ,RA‚Äë7: The Sacred Book of the Original Broadcast,,eBook,Guillaume Lessard,iD01t Productions,en,2024-01-01,https://books.google.com/books/content?id=SZ5wEQAAQBAJ&printsec=frontcover&img=1&zoom=3&source=gbs_api,https://play.google.com/store/books/details?id=SZ5wEQAAQBAJ,9.99
nNVlEQAAQBAJ,REAL,,eBook,Guillaume Lessard,iD01t Productions,en,2024-01-01,https://books.google.com/books/content?id=nNVlEQAAQBAJ&printsec=frontcover&img=1&zoom=3&source=gbs_api,https://play.google.com/store/books/details?id=nNVlEQAAQBAJ,9.99
vCxJEQAAQBAJ,Reality Unveiled: How Consciousness Shapes the World We Perceive,,eBook,Guillaume Lessard,iD01t Productions,en,2024-01-01,https://books.google.com/books/content?id=vCxJEQAAQBAJ&printsec=frontcover&img=1&zoom=3&source=gbs_api,https://play.google.com/store/books/details?id=vCxJEQAAQBAJ,9.99
V292EQAAQBAJ,Reignite the Bond,,eBook,Guillaume Lessard,iD01t Productions,en,2024-01-01,https://books.google.com/books/content?id=V292EQAAQBAJ&printsec=frontcover&img=1&zoom=3&source=gbs_api,https://play.google.com/store/books/details?id=V292EQAAQBAJ,9.99
ios9EQAAQBAJ,Rising from the Ashes: A Comprehensive Guide to Recovery after the Hollywood Hills Fire 2025,,eBook,Guillaume Lessard,iD01t Productions,en,2024-01-01,https://books.google.com/books/content?id=ios9EQAAQBAJ&printsec=frontcover&img=1&zoom=3&source=gbs_api,https://play.google.com/store/books/details?id=ios9EQAAQBAJ,9.99
KrpxEQAAQBAJ,R√âVEILLEZ-VOUS : √Ä une Vie Sacr√©e,,eBook,Guillaume Lessard,iD01t Productions,en,2024-01-01,https://books.google.com/books/content?id=KrpxEQAAQBAJ&printsec=frontcover&img=1&zoom=3&source=gbs_api,https://play.google.com/store/books/details?id=KrpxEQAAQBAJ,9.99
o5JnEQAAQBAJ,Sacred energy harvesting methods,,eBook,Guillaume Lessard,iD01t Productions,en,2024-01-01,https://books.google.com/books/content?id=o5JnEQAAQBAJ&printsec=frontcover&img=1&zoom=3&source=gbs_api,https://play.google.com/store/books/details?id=o5JnEQAAQBAJ,9.99
VMdgEQAAQBAJ,Sacred Patterns: A Transformational Journey Through Geometry and Conscious Living,,eBook,Guillaume Lessard,iD01t Productions,en,2024-01-01,https://books.google.com/books/content?id=VMdgEQAAQBAJ&printsec=frontcover&img=1&zoom=3&source=gbs_api,https://play.google.com/store/books/details?id=VMdgEQAAQBAJ,9.99
825dEQAAQBAJ,Sacred Timing: When the Universe Speaks Through Synchronicity,,eBook,Guillaume Lessard,iD01t Productions,en,2024-01-01,https://books.google.com/books/content?id=825dEQAAQBAJ&printsec=frontcover&img=1&zoom=3&source=gbs_api,https://play.google.com/store/books/details?id=825dEQAAQBAJ,9.99
URVYEQAAQBAJ,Sacred Vibrational Technology,,eBook,Guillaume Lessard,iD01t Productions,en,2024-01-01,https://books.google.com/books/content?id=URVYEQAAQBAJ&printsec=frontcover&img=1&zoom=3&source=gbs_api,https://play.google.com/store/books/details?id=URVYEQAAQBAJ,9.99
_2uCEQAAQBAJ,Schachintuition meistern,,eBook,Guillaume Lessard,iD01t Productions,en,2024-01-01,https://books.google.com/books/content?id=_2uCEQAAQBAJ&printsec=frontcover&img=1&zoom=3&source=gbs_api,https://play.google.com/store/books/details?id=_2uCEQAAQBAJ,9.99
-CNOEQAAQBAJ,Schumann Resonance & Creativity,,eBook,Guillaume Lessard,iD01t Productions,en,2024-01-01,https://books.google.com/books/content?id=-CNOEQAAQBAJ&printsec=frontcover&img=1&zoom=3&source=gbs_api,https://play.google.com/store/books/details?id=-CNOEQAAQBAJ,9.99
5lpMEQAAQBAJ,Se Reconstruire : De la Douleur √† la Renaissance,,eBook,Guillaume Lessard,iD01t Productions,en,2024-01-01,https://books.google.com/books/content?id=5lpMEQAAQBAJ&printsec=frontcover&img=1&zoom=3&source=gbs_api,https://play.google.com/store/books/details?id=5lpMEQAAQBAJ,9.99
sxQ4EQAAQBAJ,Shadows of Bloom,,eBook,Guillaume Lessard,iD01t Productions,en,2024-01-01,https://books.google.com/books/content?id=sxQ4EQAAQBAJ&printsec=frontcover&img=1&zoom=3&source=gbs_api,https://play.google.com/store/books/details?id=sxQ4EQAAQBAJ,9.99
Owo4EQAAQBAJ,Shadows of Redemption,,eBook,Guillaume Lessard,iD01t Productions,en,2024-01-01,https://books.google.com/books/content?id=Owo4EQAAQBAJ&printsec=frontcover&img=1&zoom=3&source=gbs_api,https://play.google.com/store/books/details?id=Owo4EQAAQBAJ,9.99
Q_A4EQAAQBAJ,Shadows of Serenity,,eBook,Guillaume Lessard,iD01t Productions,en,2024-01-01,https://books.google.com/books/content?id=Q_A4EQAAQBAJ&printsec=frontcover&img=1&zoom=3&source=gbs_api,https://play.google.com/store/books/details?id=Q_A4EQAAQBAJ,9.99
msQ6EQAAQBAJ,Shadows Reforged: The War Isn‚Äôt Ove,,eBook,Guillaume Lessard,iD01t Productions,en,2024-01-01,https://books.google.com/books/content?id=msQ6EQAAQBAJ&printsec=frontcover&img=1&zoom=3&source=gbs_api,https://play.google.com/store/books/details?id=msQ6EQAAQBAJ,9.99
eBQ4EQAAQBAJ,Shadows Reignited,,eBook,Guillaume Lessard,iD01t Productions,en,2024-01-01,https://books.google.com/books/content?id=eBQ4EQAAQBAJ&printsec=frontcover&img=1&zoom=3&source=gbs_api,https://play.google.com/store/books/details?id=eBQ4EQAAQBAJ,9.99
pqg8EQAAQBAJ,Shaping the Future: Embracing Trends for a Better Tomorrow,,eBook,Guillaume Lessard,iD01t Productions,en,2024-01-01,https://books.google.com/books/content?id=pqg8EQAAQBAJ&printsec=frontcover&img=1&zoom=3&source=gbs_api,https://play.google.com/store/books/details?id=pqg8EQAAQBAJ,9.99
82-GEQAAQBAJ,Signalfall,,eBook,Guillaume Lessard,iD01t Productions,en,2024-01-01,https://books.google.com/books/content?id=82-GEQAAQBAJ&printsec=frontcover&img=1&zoom=3&source=gbs_api,https://play.google.com/store/books/details?id=82-GEQAAQBAJ,9.99
TPk5EQAAQBAJ,Spin Mastery,,eBook,Guillaume Lessard,iD01t Productions,en,2024-01-01,https://books.google.com/books/content?id=TPk5EQAAQBAJ&printsec=frontcover&img=1&zoom=3&source=gbs_api,https://play.google.com/store/books/details?id=TPk5EQAAQBAJ,9.99
DjRJEQAAQBAJ,Spin Mastery : Le guide ultime du DJ Traktor,,eBook,Guillaume Lessard,iD01t Productions,en,2024-01-01,https://books.google.com/books/content?id=DjRJEQAAQBAJ&printsec=frontcover&img=1&zoom=3&source=gbs_api,https://play.google.com/store/books/details?id=DjRJEQAAQBAJ,9.99
U8ZAEQAAQBAJ,"The Adventure of iD01t Productions: A Story of Passion, Resilience and Creativity",,eBook,Guillaume Lessard,iD01t Productions,en,2024-01-01,https://books.google.com/books/content?id=U8ZAEQAAQBAJ&printsec=frontcover&img=1&zoom=3&source=gbs_api,https://play.google.com/store/books/details?id=U8ZAEQAAQBAJ,9.99
8XCHEQAAQBAJ,The AI Innovator‚Äôs Playbook,,eBook,Guillaume Lessard,iD01t Productions,en,2024-01-01,https://books.google.com/books/content?id=8XCHEQAAQBAJ&printsec=frontcover&img=1&zoom=3&source=gbs_api,https://play.google.com/store/books/details?id=8XCHEQAAQBAJ,9.99
H_A4EQAAQBAJ,The Architect‚Äôs Legacy,,eBook,Guillaume Lessard,iD01t Productions,en,2024-01-01,https://books.google.com/books/content?id=H_A4EQAAQBAJ&printsec=frontcover&img=1&zoom=3&source=gbs_api,https://play.google.com/store/books/details?id=H_A4EQAAQBAJ,9.99
FvN4EQAAQBAJ,The Art of Beauty,,eBook,Guillaume Lessard,iD01t Productions,en,2024-01-01,https://books.google.com/books/content?id=FvN4EQAAQBAJ&printsec=frontcover&img=1&zoom=3&source=gbs_api,https://play.google.com/store/books/details?id=FvN4EQAAQBAJ,9.99
L9o5EQAAQBAJ,The Artifact‚Äôs Whisper,,eBook,Guillaume Lessard,iD01t Productions,en,2024-01-01,https://books.google.com/books/content?id=L9o5EQAAQBAJ&printsec=frontcover&img=1&zoom=3&source=gbs_api,https://play.google.com/store/books/details?id=L9o5EQAAQBAJ,9.99
boCAEQAAQBAJ,The Complete Beginner to Intermediate Guide to JSON for Veo 3 Prompting,,eBook,Guillaume Lessard,iD01t Productions,en,2024-01-01,https://books.google.com/books/content?id=boCAEQAAQBAJ&printsec=frontcover&img=1&zoom=3&source=gbs_api,https://play.google.com/store/books/details?id=boCAEQAAQBAJ,9.99
pHR5EQAAQBAJ,The Digital Aftermath: Navigating Life Beyond the Great Platform Collapse,,eBook,Guillaume Lessard,iD01t Productions,en,2024-01-01,https://books.google.com/books/content?id=pHR5EQAAQBAJ&printsec=frontcover&img=1&zoom=3&source=gbs_api,https://play.google.com/store/books/details?id=pHR5EQAAQBAJ,9.99
khhJEQAAQBAJ,The Dream Dialogue,,eBook,Guillaume Lessard,iD01t Productions,en,2024-01-01,https://books.google.com/books/content?id=khhJEQAAQBAJ&printsec=frontcover&img=1&zoom=3&source=gbs_api,https://play.google.com/store/books/details?id=khhJEQAAQBAJ,9.99
ZZs9EQAAQBAJ,The End of an Era: The TikTok Shutdown in the USA,,eBook,Guillaume Lessard,iD01t Productions,en,2024-01-01,https://books.google.com/books/content?id=ZZs9EQAAQBAJ&printsec=frontcover&img=1&zoom=3&source=gbs_api,https://play.google.com/store/books/details?id=ZZs9EQAAQBAJ,9.99
yLteEQAAQBAJ,The Frequency Blueprint,,eBook,Guillaume Lessard,iD01t Productions,en,2024-01-01,https://books.google.com/books/content?id=yLteEQAAQBAJ&printsec=frontcover&img=1&zoom=3&source=gbs_api,https://play.google.com/store/books/details?id=yLteEQAAQBAJ,9.99
PHdzEQAAQBAJ,THE LAST BOW,,eBook,Guillaume Lessard,iD01t Productions,en,2024-01-01,https://books.google.com/books/content?id=PHdzEQAAQBAJ&printsec=frontcover&img=1&zoom=3&source=gbs_api,https://play.google.com/store/books/details?id=PHdzEQAAQBAJ,9.99
se44EQAAQBAJ,The Maglev Revolution,,eBook,Guillaume Lessard,iD01t Productions,en,2024-01-01,https://books.google.com/books/content?id=se44EQAAQBAJ&printsec=frontcover&img=1&zoom=3&source=gbs_api,https://play.google.com/store/books/details?id=se44EQAAQBAJ,9.99
dtI5EQAAQBAJ,The Many Realities,,eBook,Guillaume Lessard,iD01t Productions,en,2024-01-01,https://books.google.com/books/content?id=dtI5EQAAQBAJ&printsec=frontcover&img=1&zoom=3&source=gbs_api,https://play.google.com/store/books/details?id=dtI5EQAAQBAJ,9.99
l_M6EQAAQBAJ,The Power of Repetition: Transforming Minds Through Words,,eBook,Guillaume Lessard,iD01t Productions,en,2024-01-01,https://books.google.com/books/content?id=l_M6EQAAQBAJ&printsec=frontcover&img=1&zoom=3&source=gbs_api,https://play.google.com/store/books/details?id=l_M6EQAAQBAJ,9.99
3u5GEQAAQBAJ,The Quantum Enigma: Unraveling the Mysteries of Reality,,eBook,Guillaume Lessard,iD01t Productions,en,2024-01-01,https://books.google.com/books/content?id=3u5GEQAAQBAJ&printsec=frontcover&img=1&zoom=3&source=gbs_api,https://play.google.com/store/books/details?id=3u5GEQAAQBAJ,9.99
lCV2EQAAQBAJ,The Quantum Passive Empire,,eBook,Guillaume Lessard,iD01t Productions,en,2024-01-01,https://books.google.com/books/content?id=lCV2EQAAQBAJ&printsec=frontcover&img=1&zoom=3&source=gbs_api,https://play.google.com/store/books/details?id=lCV2EQAAQBAJ,9.99
PoCAEQAAQBAJ,The Real Guide To Using AI To Generate Perfect Veo 3 Requests,,eBook,Guillaume Lessard,iD01t Productions,en,2024-01-01,https://books.google.com/books/content?id=PoCAEQAAQBAJ&printsec=frontcover&img=1&zoom=3&source=gbs_api,https://play.google.com/store/books/details?id=PoCAEQAAQBAJ,9.99
zvg5EQAAQBAJ,The Secrets of Oak Island,,eBook,Guillaume Lessard,iD01t Productions,en,2024-01-01,https://books.google.com/books/content?id=zvg5EQAAQBAJ&printsec=frontcover&img=1&zoom=3&source=gbs_api,https://play.google.com/store/books/details?id=zvg5EQAAQBAJ,9.99
dON1EQAAQBAJ,THE SUN IS NOT WHAT YOU WERE TOLD,,eBook,Guillaume Lessard,iD01t Productions,en,2024-01-01,https://books.google.com/books/content?id=dON1EQAAQBAJ&printsec=frontcover&img=1&zoom=3&source=gbs_api,https://play.google.com/store/books/details?id=dON1EQAAQBAJ,9.99
Ww1ZEQAAQBAJ,The Third State: Life Between Life and Death,,eBook,Guillaume Lessard,iD01t Productions,en,2024-01-01,https://books.google.com/books/content?id=Ww1ZEQAAQBAJ&printsec=frontcover&img=1&zoom=3&source=gbs_api,https://play.google.com/store/books/details?id=Ww1ZEQAAQBAJ,9.99
-FA5EQAAQBAJ,To the Top of the Mountain,,eBook,Guillaume Lessard,iD01t Productions,en,2024-01-01,https://books.google.com/books/content?id=-FA5EQAAQBAJ&printsec=frontcover&img=1&zoom=3&source=gbs_api,https://play.google.com/store/books/details?id=-FA5EQAAQBAJ,9.99
RWZ-EQAAQBAJ,TRAKTOR MASTERY: The Complete Professional DJ System,,eBook,Guillaume Lessard,iD01t Productions,en,2024-01-01,https://books.google.com/books/content?id=RWZ-EQAAQBAJ&printsec=frontcover&img=1&zoom=3&source=gbs_api,https://play.google.com/store/books/details?id=RWZ-EQAAQBAJ,9.99
RPheEQAAQBAJ,Turing‚Äôs Legacy: Classical Logic to Quantum Revolution,,eBook,Guillaume Lessard,iD01t Productions,en,2024-01-01,https://books.google.com/books/content?id=RPheEQAAQBAJ&printsec=frontcover&img=1&zoom=3&source=gbs_api,https://play.google.com/store/books/details?id=RPheEQAAQBAJ,9.99
-ZB-EQAAQBAJ,"T√ÅCTICAS AVANZADAS, JUEGO PSICOL√ìGICO Y PREPARACI√ìN PARA TORNEOS",,eBook,Guillaume Lessard,iD01t Productions,en,2024-01-01,https://books.google.com/books/content?id=-ZB-EQAAQBAJ&printsec=frontcover&img=1&zoom=3&source=gbs_api,https://play.google.com/store/books/details?id=-ZB-EQAAQBAJ,9.99
-WyCEQAAQBAJ,Understanding Your Cat's Mind,,eBook,Guillaume Lessard,iD01t Productions,en,2024-01-01,https://books.google.com/books/content?id=-WyCEQAAQBAJ&printsec=frontcover&img=1&zoom=3&source=gbs_api,https://play.google.com/store/books/details?id=-WyCEQAAQBAJ,9.99
ksU6EQAAQBAJ,Understanding Your Cat's Mind - Edition 2,,eBook,Guillaume Lessard,iD01t Productions,en,2024-01-01,https://books.google.com/books/content?id=ksU6EQAAQBAJ&printsec=frontcover&img=1&zoom=3&source=gbs_api,https://play.google.com/store/books/details?id=ksU6EQAAQBAJ,9.99
33eCEQAAQBAJ,Understanding Your Cat‚Äôs Mind,,eBook,Guillaume Lessard,iD01t Productions,en,2024-01-01,https://books.google.com/books/content?id=33eCEQAAQBAJ&printsec=frontcover&img=1&zoom=3&source=gbs_api,https://play.google.com/store/books/details?id=33eCEQAAQBAJ,9.99
CXpLEQAAQBAJ,Uniendo mundos,,eBook,Guillaume Lessard,iD01t Productions,en,2024-01-01,https://books.google.com/books/content?id=CXpLEQAAQBAJ&printsec=frontcover&img=1&zoom=3&source=gbs_api,https://play.google.com/store/books/details?id=CXpLEQAAQBAJ,9.99
Q3pLEQAAQBAJ,Unire i mondi,,eBook,Guillaume Lessard,iD01t Productions,en,2024-01-01,https://books.google.com/books/content?id=Q3pLEQAAQBAJ&printsec=frontcover&img=1&zoom=3&source=gbs_api,https://play.google.com/store/books/details?id=Q3pLEQAAQBAJ,9.99
q7s5EQAAQBAJ,Unstoppable: The Ultimate Guide to Unlocking Your Potential and Achieving Success,,eBook,Guillaume Lessard,iD01t Productions,en,2024-01-01,https://books.google.com/books/content?id=q7s5EQAAQBAJ&printsec=frontcover&img=1&zoom=3&source=gbs_api,https://play.google.com/store/books/details?id=q7s5EQAAQBAJ,9.99
QMQ6EQAAQBAJ,Veil of Echoes,,eBook,Guillaume Lessard,iD01t Productions,en,2024-01-01,https://books.google.com/books/content?id=QMQ6EQAAQBAJ&printsec=frontcover&img=1&zoom=3&source=gbs_api,https://play.google.com/store/books/details?id=QMQ6EQAAQBAJ,9.99
lRc4EQAAQBAJ,Visual Basic Zero to Hero (Edition #2),,eBook,Guillaume Lessard,iD01t Productions,en,2024-01-01,https://books.google.com/books/content?id=lRc4EQAAQBAJ&printsec=frontcover&img=1&zoom=3&source=gbs_api,https://play.google.com/store/books/details?id=lRc4EQAAQBAJ,9.99
LQ1ZEQAAQBAJ,When Cells Listen: The Hidden Symphony of Sound and Gene Expression,,eBook,Guillaume Lessard,iD01t Productions,en,2024-01-01,https://books.google.com/books/content?id=LQ1ZEQAAQBAJ&printsec=frontcover&img=1&zoom=3&source=gbs_api,https://play.google.com/store/books/details?id=LQ1ZEQAAQBAJ,9.99
Rvk5EQAAQBAJ,Windows Zero to Hero,,eBook,Guillaume Lessard,iD01t Productions,en,2024-01-01,https://books.google.com/books/content?id=Rvk5EQAAQBAJ&printsec=frontcover&img=1&zoom=3&source=gbs_api,https://play.google.com/store/books/details?id=Rvk5EQAAQBAJ,9.99
o3c6EQAAQBAJ,Zen and the Art of Resilient Living,,eBook,Guillaume Lessard,iD01t Productions,en,2024-01-01,https://books.google.com/books/content?id=o3c6EQAAQBAJ&printsec=frontcover&img=1&zoom=3&source=gbs_api,https://play.google.com/store/books/details?id=o3c6EQAAQBAJ,9.99
V_05EQAAQBAJ,Zen and the Art of Self-Confidence,,eBook,Guillaume Lessard,iD01t Productions,en,2024-01-01,https://books.google.com/books/content?id=V_05EQAAQBAJ&printsec=frontcover&img=1&zoom=3&source=gbs_api,https://play.google.com/store/books/details?id=V_05EQAAQBAJ,9.99
4Q1-EQAAQBAJ,–ú–∞—Å—Ç–µ—Ä—Å—Ç–≤–æ –≤ —à–∞—Ö–º–∞—Ç–∞—Ö,,eBook,Guillaume Lessard,iD01t Productions,en,2024-01-01,https://books.google.com/books/content?id=4Q1-EQAAQBAJ&printsec=frontcover&img=1&zoom=3&source=gbs_api,https://play.google.com/store/books/details?id=4Q1-EQAAQBAJ,9.99
AZF-EQAAQBAJ,"–ü–†–û–î–í–ò–ù–£–¢–ê–Ø –¢–ê–ö–¢–ò–ö–ê, –ü–°–ò–•–û–õ–û–ì–ò–ß–ï–°–ö–ê–Ø –ò–ì–†–ê –ò –ü–û–î–ì–û–¢–û–í–ö–ê –ö –¢–£–†–ù–ò–†–£",,eBook,Guillaume Lessard,iD01t Productions,en,2024-01-01,https://books.google.com/books/content?id=AZF-EQAAQBAJ&printsec=frontcover&img=1&zoom=3&source=gbs_api,https://play.google.com/store/books/details?id=AZF-EQAAQBAJ,9.99
TyCAEQAAQBAJ,Êö¥È£éÈõ®Ââç Êó†ÁïèËÆ∞ËÄÖÁöÑÂ¥õËµ∑,,eBook,Guillaume Lessard,iD01t Productions,en,2024-01-01,https://books.google.com/books/content?id=TyCAEQAAQBAJ&printsec=frontcover&img=1&zoom=3&source=gbs_api,https://play.google.com/store/books/details?id=TyCAEQAAQBAJ,9.99
Y1SAEQAAQBAJ,Êù∞ÂÖãÁöÑÊëä‰Ωç,,eBook,Guillaume Lessard,iD01t Productions,en,2024-01-01,https://books.google.com/books/content?id=Y1SAEQAAQBAJ&printsec=frontcover&img=1&zoom=3&source=gbs_api,https://play.google.com/store/books/details?id=Y1SAEQAAQBAJ,9.99
7dNlEQAAQBAJ,ìÇÄ SY‚Ä¢NARCH√âON ìÇÄ,,eBook,Guillaume Lessard,iD01t Productions,en,2024-01-01,https://books.google.com/books/content?id=7dNlEQAAQBAJ&printsec=frontcover&img=1&zoom=3&source=gbs_api,https://play.google.com/store/books/details?id=7dNlEQAAQBAJ,9.99
P3NoEQAAQBAJ,üåø La Charte des Relations Sacr√©es de la Nouvelle Terre,,eBook,Guillaume Lessard,iD01t Productions,en,2024-01-01,https://books.google.com/books/content?id=P3NoEQAAQBAJ&printsec=frontcover&img=1&zoom=3&source=gbs_api,https://play.google.com/store/books/details?id=P3NoEQAAQBAJ,9.99
Y1SAEQAAQBAJ,Êù∞ÂÖãÁöÑÊëä‰Ωç,,Audiobook,Guillaume Lessard,iD01t Productions,en,2024-01-01,https://books.google.com/books/content?id=Y1SAEQAAQBAJ&printsec=frontcover&img=1&zoom=3&source=gbs_api,https://play.google.com/store/books/details?id=Y1SAEQAAQBAJ,9.99
NT1UEQAAQBAJ,Ableton Elevation: DJ iD01T‚Äôs Complete Guide to Building Hits and Elevating Your Sound,,Audiobook,Guillaume Lessard,iD01t Productions,en,2024-01-01,https://books.google.com/books/content?id=NT1UEQAAQBAJ&printsec=frontcover&img=1&zoom=3&source=gbs_api,https://play.google.com/store/books/details?id=NT1UEQAAQBAJ,9.99
x5B-EQAAQBAJ,"ADVANCED TACTICS, PSYCHOLOGICAL PLAY, AND TOURNAMENT PREPARATION",,Audiobook,Guillaume Lessard,iD01t Productions,en,2024-01-01,https://books.google.com/books/content?id=x5B-EQAAQBAJ&printsec=frontcover&img=1&zoom=3&source=gbs_api,https://play.google.com/store/books/details?id=x5B-EQAAQBAJ,9.99
OQt0EQAAQBAJ,Agentic AI Sprint for Solopreneurs,,Audiobook,Guillaume Lessard,iD01t Productions,en,2024-01-01,https://books.google.com/books/content?id=OQt0EQAAQBAJ&printsec=frontcover&img=1&zoom=3&source=gbs_api,https://play.google.com/store/books/details?id=OQt0EQAAQBAJ,9.99
Z292EQAAQBAJ,AI Cash Code,,Audiobook,Guillaume Lessard,iD01t Productions,en,2024-01-01,https://books.google.com/books/content?id=Z292EQAAQBAJ&printsec=frontcover&img=1&zoom=3&source=gbs_api,https://play.google.com/store/books/details?id=Z292EQAAQBAJ,9.99
KbmAEQAAQBAJ,AI Cash Empire,,Audiobook,Guillaume Lessard,iD01t Productions,en,2024-01-01,https://books.google.com/books/content?id=KbmAEQAAQBAJ&printsec=frontcover&img=1&zoom=3&source=gbs_api,https://play.google.com/store/books/details?id=KbmAEQAAQBAJ,9.99
HqNbEQAAQBAJ,AI Goldmine: 100 Passive Income Ideas Using ChatGPT and Free AI Tools,,Audiobook,Guillaume Lessard,iD01t Productions,en,2024-01-01,https://books.google.com/books/content?id=HqNbEQAAQBAJ&printsec=frontcover&img=1&zoom=3&source=gbs_api,https://play.google.com/store/books/details?id=HqNbEQAAQBAJ,9.99
i_ZeEQAAQBAJ,AI in Education,,Audiobook,Guillaume Lessard,iD01t Productions,en,2024-01-01,https://books.google.com/books/content?id=i_ZeEQAAQBAJ&printsec=frontcover&img=1&zoom=3&source=gbs_api,https://play.google.com/store/books/details?id=i_ZeEQAAQBAJ,9.99
cJ88EQAAQBAJ,"AI Revolution: How Automation is Transforming Everyday Life (Edition 2, 2025)",,Audiobook,Guillaume Lessard,iD01t Productions,en,2024-01-01,https://books.google.com/books/content?id=cJ88EQAAQBAJ&printsec=frontcover&img=1&zoom=3&source=gbs_api,https://play.google.com/store/books/details?id=cJ88EQAAQBAJ,9.99
kY09EQAAQBAJ,AI Today: Transforming Lives and Industries for the Future,,Audiobook,Guillaume Lessard,iD01t Productions,en,2024-01-01,https://books.google.com/books/content?id=kY09EQAAQBAJ&printsec=frontcover&img=1&zoom=3&source=gbs_api,https://play.google.com/store/books/details?id=kY09EQAAQBAJ,9.99
SDNJEQAAQBAJ,Anarchie et √©volution - L'histoire de la musique punk,,Audiobook,Guillaume Lessard,iD01t Productions,en,2024-01-01,https://books.google.com/books/content?id=SDNJEQAAQBAJ&printsec=frontcover&img=1&zoom=3&source=gbs_api,https://play.google.com/store/books/details?id=SDNJEQAAQBAJ,9.99
Ys45EQAAQBAJ,Anarchy and Evolution,,Audiobook,Guillaume Lessard,iD01t Productions,en,2024-01-01,https://books.google.com/books/content?id=Ys45EQAAQBAJ&printsec=frontcover&img=1&zoom=3&source=gbs_api,https://play.google.com/store/books/details?id=Ys45EQAAQBAJ,9.99
WFU4EQAAQBAJ,Automation and SEO Mastery: Strategies for Growth and Efficiency,,Audiobook,Guillaume Lessard,iD01t Productions,en,2024-01-01,https://books.google.com/books/content?id=WFU4EQAAQBAJ&printsec=frontcover&img=1&zoom=3&source=gbs_api,https://play.google.com/store/books/details?id=WFU4EQAAQBAJ,9.99
ODlUEQAAQBAJ,Beat Alchemy: The DJ iD01T Guide to Mastering FL Studio and Making Hits,,Audiobook,Guillaume Lessard,iD01t Productions,en,2024-01-01,https://books.google.com/books/content?id=ODlUEQAAQBAJ&printsec=frontcover&img=1&zoom=3&source=gbs_api,https://play.google.com/store/books/details?id=ODlUEQAAQBAJ,9.99
0Yo2EQAAQBAJ,Before the storm,,Audiobook,Guillaume Lessard,iD01t Productions,en,2024-01-01,https://books.google.com/books/content?id=0Yo2EQAAQBAJ&printsec=frontcover&img=1&zoom=3&source=gbs_api,https://play.google.com/store/books/details?id=0Yo2EQAAQBAJ,9.99
wRQ4EQAAQBAJ,Beneath the Bloom,,Audiobook,Guillaume Lessard,iD01t Productions,en,2024-01-01,https://books.google.com/books/content?id=wRQ4EQAAQBAJ&printsec=frontcover&img=1&zoom=3&source=gbs_api,https://play.google.com/store/books/details?id=wRQ4EQAAQBAJ,9.99
8EhZEQAAQBAJ,Beyond the Event Horizon: Solving the Black Hole Information Paradox,,Audiobook,Guillaume Lessard,iD01t Productions,en,2024-01-01,https://books.google.com/books/content?id=8EhZEQAAQBAJ&printsec=frontcover&img=1&zoom=3&source=gbs_api,https://play.google.com/store/books/details?id=8EhZEQAAQBAJ,9.99
5vg5EQAAQBAJ,Bite by Bite,,Audiobook,Guillaume Lessard,iD01t Productions,en,2024-01-01,https://books.google.com/books/content?id=5vg5EQAAQBAJ&printsec=frontcover&img=1&zoom=3&source=gbs_api,https://play.google.com/store/books/details?id=5vg5EQAAQBAJ,9.99
pXdLEQAAQBAJ,Bridging Worlds: A Practical Guide to Connecting with Parallel Energies and Dimensions,,Audiobook,Guillaume Lessard,iD01t Productions,en,2024-01-01,https://books.google.com/books/content?id=pXdLEQAAQBAJ&printsec=frontcover&img=1&zoom=3&source=gbs_api,https://play.google.com/store/books/details?id=pXdLEQAAQBAJ,9.99
0NKPEQAAQBAJ,C++ ZERO TO HERO,,Audiobook,Guillaume Lessard,iD01t Productions,en,2024-01-01,https://books.google.com/books/content?id=0NKPEQAAQBAJ&printsec=frontcover&img=1&zoom=3&source=gbs_api,https://play.google.com/store/books/details?id=0NKPEQAAQBAJ,9.99
m5M4EQAAQBAJ,Chess Mastery,,Audiobook,Guillaume Lessard,iD01t Productions,en,2024-01-01,https://books.google.com/books/content?id=m5M4EQAAQBAJ&printsec=frontcover&img=1&zoom=3&source=gbs_api,https://play.google.com/store/books/details?id=m5M4EQAAQBAJ,9.99
hTV-EQAAQBAJ,CHRIST QU‚ÄôIL EST INTELLIGENT D‚ÄôAIMER,,Audiobook,Guillaume Lessard,iD01t Productions,en,2024-01-01,https://books.google.com/books/content?id=hTV-EQAAQBAJ&printsec=frontcover&img=1&zoom=3&source=gbs_api,https://play.google.com/store/books/details?id=hTV-EQAAQBAJ,9.99
ulg4EQAAQBAJ,Code in Every Language: Master Programming with ChatGPT,,Audiobook,Guillaume Lessard,iD01t Productions,en,2024-01-01,https://books.google.com/books/content?id=ulg4EQAAQBAJ&printsec=frontcover&img=1&zoom=3&source=gbs_api,https://play.google.com/store/books/details?id=ulg4EQAAQBAJ,9.99
as45EQAAQBAJ,Crafting Worlds,,Audiobook,Guillaume Lessard,iD01t Productions,en,2024-01-01,https://books.google.com/books/content?id=as45EQAAQBAJ&printsec=frontcover&img=1&zoom=3&source=gbs_api,https://play.google.com/store/books/details?id=as45EQAAQBAJ,9.99
9sM6EQAAQBAJ,Crossroads of Shadows,,Audiobook,Guillaume Lessard,iD01t Productions,en,2024-01-01,https://books.google.com/books/content?id=9sM6EQAAQBAJ&printsec=frontcover&img=1&zoom=3&source=gbs_api,https://play.google.com/store/books/details?id=9sM6EQAAQBAJ,9.99
hCV2EQAAQBAJ,Dancing with the edge,,Audiobook,Guillaume Lessard,iD01t Productions,en,2024-01-01,https://books.google.com/books/content?id=hCV2EQAAQBAJ&printsec=frontcover&img=1&zoom=3&source=gbs_api,https://play.google.com/store/books/details?id=hCV2EQAAQBAJ,9.99
f8o9EQAAQBAJ,DIY Digital Skills: Build a Career in Tech from Scratch,,Audiobook,Guillaume Lessard,iD01t Productions,en,2024-01-01,https://books.google.com/books/content?id=f8o9EQAAQBAJ&printsec=frontcover&img=1&zoom=3&source=gbs_api,https://play.google.com/store/books/details?id=f8o9EQAAQBAJ,9.99
0XlLEQAAQBAJ,D√ºnyalar Arasƒ±nda K√∂pr√º Kurmak,,Audiobook,Guillaume Lessard,iD01t Productions,en,2024-01-01,https://books.google.com/books/content?id=0XlLEQAAQBAJ&printsec=frontcover&img=1&zoom=3&source=gbs_api,https://play.google.com/store/books/details?id=0XlLEQAAQBAJ,9.99
xQ1-EQAAQBAJ,Dominio del Ajedrez,,Audiobook,Guillaume Lessard,iD01t Productions,en,2024-01-01,https://books.google.com/books/content?id=xQ1-EQAAQBAJ&printsec=frontcover&img=1&zoom=3&source=gbs_api,https://play.google.com/store/books/details?id=xQ1-EQAAQBAJ,9.99
q584EQAAQBAJ,Earthquakes Unveiled,,Audiobook,Guillaume Lessard,iD01t Productions,en,2024-01-01,https://books.google.com/books/content?id=q584EQAAQBAJ&printsec=frontcover&img=1&zoom=3&source=gbs_api,https://play.google.com/store/books/details?id=q584EQAAQBAJ,9.99
TedaEQAAQBAJ,Echo Protocol,,Audiobook,Guillaume Lessard,iD01t Productions,en,2024-01-01,https://books.google.com/books/content?id=TedaEQAAQBAJ&printsec=frontcover&img=1&zoom=3&source=gbs_api,https://play.google.com/store/books/details?id=TedaEQAAQBAJ,9.99
Kwo4EQAAQBAJ,Echoes of the Heart,,Audiobook,Guillaume Lessard,iD01t Productions,en,2024-01-01,https://books.google.com/books/content?id=Kwo4EQAAQBAJ&printsec=frontcover&img=1&zoom=3&source=gbs_api,https://play.google.com/store/books/details?id=Kwo4EQAAQBAJ,9.99
QQo4EQAAQBAJ,Echoes of Truth,,Audiobook,Guillaume Lessard,iD01t Productions,en,2024-01-01,https://books.google.com/books/content?id=QQo4EQAAQBAJ&printsec=frontcover&img=1&zoom=3&source=gbs_api,https://play.google.com/store/books/details?id=QQo4EQAAQBAJ,9.99
_RpsEQAAQBAJ,El‚ÄôNox Rah : Le Retour de l‚ÄôHomme Vrai,,Audiobook,Guillaume Lessard,iD01t Productions,en,2024-01-01,https://books.google.com/books/content?id=_RpsEQAAQBAJ&printsec=frontcover&img=1&zoom=3&source=gbs_api,https://play.google.com/store/books/details?id=_RpsEQAAQBAJ,9.99
SxU4EQAAQBAJ,Eternal Roots,,Audiobook,Guillaume Lessard,iD01t Productions,en,2024-01-01,https://books.google.com/books/content?id=SxU4EQAAQBAJ&printsec=frontcover&img=1&zoom=3&source=gbs_api,https://play.google.com/store/books/details?id=SxU4EQAAQBAJ,9.99
to9REQAAQBAJ,Final Transmission: I Am Echo,,Audiobook,Guillaume Lessard,iD01t Productions,en,2024-01-01,https://books.google.com/books/content?id=to9REQAAQBAJ&printsec=frontcover&img=1&zoom=3&source=gbs_api,https://play.google.com/store/books/details?id=to9REQAAQBAJ,9.99
9pBREQAAQBAJ,Final Transmission: Je suis Echo (FR),,Audiobook,Guillaume Lessard,iD01t Productions,en,2024-01-01,https://books.google.com/books/content?id=9pBREQAAQBAJ&printsec=frontcover&img=1&zoom=3&source=gbs_api,https://play.google.com/store/books/details?id=9pBREQAAQBAJ,9.99
qRQ4EQAAQBAJ,Forever in Bloom,,Audiobook,Guillaume Lessard,iD01t Productions,en,2024-01-01,https://books.google.com/books/content?id=qRQ4EQAAQBAJ&printsec=frontcover&img=1&zoom=3&source=gbs_api,https://play.google.com/store/books/details?id=qRQ4EQAAQBAJ,9.99
Z5F-EQAAQBAJ,"FORTGESCHRITTENE TAKTIKEN, PSYCHOLOGISCHES SPIEL UND TURNIERVORBEREITUNG",,Audiobook,Guillaume Lessard,iD01t Productions,en,2024-01-01,https://books.google.com/books/content?id=Z5F-EQAAQBAJ&printsec=frontcover&img=1&zoom=3&source=gbs_api,https://play.google.com/store/books/details?id=Z5F-EQAAQBAJ,9.99
l6NbEQAAQBAJ,"FREE ENERGY, FREE LIFE",,Audiobook,Guillaume Lessard,iD01t Productions,en,2024-01-01,https://books.google.com/books/content?id=l6NbEQAAQBAJ&printsec=frontcover&img=1&zoom=3&source=gbs_api,https://play.google.com/store/books/details?id=l6NbEQAAQBAJ,9.99
z3pLEQAAQBAJ,From seed to splendor: A Comprehensive Journey in Horticulture,,Audiobook,Guillaume Lessard,iD01t Productions,en,2024-01-01,https://books.google.com/books/content?id=z3pLEQAAQBAJ&printsec=frontcover&img=1&zoom=3&source=gbs_api,https://play.google.com/store/books/details?id=z3pLEQAAQBAJ,9.99
zE84EQAAQBAJ,From Zero to Python Hero: A Comprehensive Guide to Mastering Python,,Audiobook,Guillaume Lessard,iD01t Productions,en,2024-01-01,https://books.google.com/books/content?id=zE84EQAAQBAJ&printsec=frontcover&img=1&zoom=3&source=gbs_api,https://play.google.com/store/books/details?id=zE84EQAAQBAJ,9.99
nypGEQAAQBAJ,iD01t Academy: Python Exercises Book 1 ‚Äì Edition 2,,Audiobook,Guillaume Lessard,iD01t Productions,en,2024-01-01,https://books.google.com/books/content?id=nypGEQAAQBAJ&printsec=frontcover&img=1&zoom=3&source=gbs_api,https://play.google.com/store/books/details?id=nypGEQAAQBAJ,9.99
cS1GEQAAQBAJ,iD01t Academy Python Exercises Book 2 - Edition 2,,Audiobook,Guillaume Lessard,iD01t Productions,en,2024-01-01,https://books.google.com/books/content?id=cS1GEQAAQBAJ&printsec=frontcover&img=1&zoom=3&source=gbs_api,https://play.google.com/store/books/details?id=cS1GEQAAQBAJ,9.99
BqR_EQAAQBAJ,iD01t Academy: Python Exercises Book 3,,Audiobook,Guillaume Lessard,iD01t Productions,en,2024-01-01,https://books.google.com/books/content?id=BqR_EQAAQBAJ&printsec=frontcover&img=1&zoom=3&source=gbs_api,https://play.google.com/store/books/details?id=BqR_EQAAQBAJ,9.99
Iwo4EQAAQBAJ,Intersection: The Moment Their Paths Crossed,,Audiobook,Guillaume Lessard,iD01t Productions,en,2024-01-01,https://books.google.com/books/content?id=Iwo4EQAAQBAJ&printsec=frontcover&img=1&zoom=3&source=gbs_api,https://play.google.com/store/books/details?id=Iwo4EQAAQBAJ,9.99
oRg3EQAAQBAJ,Jack‚Äôs Stand,,Audiobook,Guillaume Lessard,iD01t Productions,en,2024-01-01,https://books.google.com/books/content?id=oRg3EQAAQBAJ&printsec=frontcover&img=1&zoom=3&source=gbs_api,https://play.google.com/store/books/details?id=oRg3EQAAQBAJ,9.99
SdVhEQAAQBAJ,Java Maestro,,Audiobook,Guillaume Lessard,iD01t Productions,en,2024-01-01,https://books.google.com/books/content?id=SdVhEQAAQBAJ&printsec=frontcover&img=1&zoom=3&source=gbs_api,https://play.google.com/store/books/details?id=SdVhEQAAQBAJ,9.99
fFQ4EQAAQBAJ,Java Zero to Hero: Mastering Java Programming for Real-World Applications,,Audiobook,Guillaume Lessard,iD01t Productions,en,2024-01-01,https://books.google.com/books/content?id=fFQ4EQAAQBAJ&printsec=frontcover&img=1&zoom=3&source=gbs_api,https://play.google.com/store/books/details?id=fFQ4EQAAQBAJ,9.99
Xvk5EQAAQBAJ,Jesus: The Eternal Legacy,,Audiobook,Guillaume Lessard,iD01t Productions,en,2024-01-01,https://books.google.com/books/content?id=Xvk5EQAAQBAJ&printsec=frontcover&img=1&zoom=3&source=gbs_api,https://play.google.com/store/books/details?id=Xvk5EQAAQBAJ,9.99
f5Y9EQAAQBAJ,Jimmy Carter: A Legacy of Compassion and Leadership,,Audiobook,Guillaume Lessard,iD01t Productions,en,2024-01-01,https://books.google.com/books/content?id=f5Y9EQAAQBAJ&printsec=frontcover&img=1&zoom=3&source=gbs_api,https://play.google.com/store/books/details?id=f5Y9EQAAQBAJ,9.99
iwZzEQAAQBAJ,KIMI K2 UNLOCKED,,Audiobook,Guillaume Lessard,iD01t Productions,en,2024-01-01,https://books.google.com/books/content?id=iwZzEQAAQBAJ&printsec=frontcover&img=1&zoom=3&source=gbs_api,https://play.google.com/store/books/details?id=iwZzEQAAQBAJ,9.99
P3NoEQAAQBAJ,üåø La Charte des Relations Sacr√©es de la Nouvelle Terre,,Audiobook,Guillaume Lessard,iD01t Productions,en,2024-01-01,https://books.google.com/books/content?id=P3NoEQAAQBAJ&printsec=frontcover&img=1&zoom=3&source=gbs_api,https://play.google.com/store/books/details?id=P3NoEQAAQBAJ,9.99
sjNJEQAAQBAJ,La r√©alit√© d√©voil√©e : Comment la conscience fa√ßonne le monde que nous percevons,,Audiobook,Guillaume Lessard,iD01t Productions,en,2024-01-01,https://books.google.com/books/content?id=sjNJEQAAQBAJ&printsec=frontcover&img=1&zoom=3&source=gbs_api,https://play.google.com/store/books/details?id=sjNJEQAAQBAJ,9.99
mPpmEQAAQBAJ,L'Alchimie de la Transformation,,Audiobook,Guillaume Lessard,iD01t Productions,en,2024-01-01,https://books.google.com/books/content?id=mPpmEQAAQBAJ&printsec=frontcover&img=1&zoom=3&source=gbs_api,https://play.google.com/store/books/details?id=mPpmEQAAQBAJ,9.99
NcZAEQAAQBAJ,"L‚ÄôAventure d‚ÄôiD01t Productions : Une Histoire de Passion, de R√©silience et de Cr√©ativit√©",,Audiobook,Guillaume Lessard,iD01t Productions,en,2024-01-01,https://books.google.com/books/content?id=NcZAEQAAQBAJ&printsec=frontcover&img=1&zoom=3&source=gbs_api,https://play.google.com/store/books/details?id=NcZAEQAAQBAJ,9.99
wXlLEQAAQBAJ,Le pont entre les mondes,,Audiobook,Guillaume Lessard,iD01t Productions,en,2024-01-01,https://books.google.com/books/content?id=wXlLEQAAQBAJ&printsec=frontcover&img=1&zoom=3&source=gbs_api,https://play.google.com/store/books/details?id=wXlLEQAAQBAJ,9.99
aBQ4EQAAQBAJ,Legacy of Shadows 2,,Audiobook,Guillaume Lessard,iD01t Productions,en,2024-01-01,https://books.google.com/books/content?id=aBQ4EQAAQBAJ&printsec=frontcover&img=1&zoom=3&source=gbs_api,https://play.google.com/store/books/details?id=aBQ4EQAAQBAJ,9.99
OQo4EQAAQBAJ,Legacy of Shadows,,Audiobook,Guillaume Lessard,iD01t Productions,en,2024-01-01,https://books.google.com/books/content?id=OQo4EQAAQBAJ&printsec=frontcover&img=1&zoom=3&source=gbs_api,https://play.google.com/store/books/details?id=OQo4EQAAQBAJ,9.99
oThcEQAAQBAJ,Leo XIV: The First American Pope,,Audiobook,Guillaume Lessard,iD01t Productions,en,2024-01-01,https://books.google.com/books/content?id=oThcEQAAQBAJ&printsec=frontcover&img=1&zoom=3&source=gbs_api,https://play.google.com/store/books/details?id=oThcEQAAQBAJ,9.99
sG5zEQAAQBAJ,LET IT BE THEM,,Audiobook,Guillaume Lessard,iD01t Productions,en,2024-01-01,https://books.google.com/books/content?id=sG5zEQAAQBAJ&printsec=frontcover&img=1&zoom=3&source=gbs_api,https://play.google.com/store/books/details?id=sG5zEQAAQBAJ,9.99
6G5zEQAAQBAJ,Lettre √† celle que j'aime toujours,,Audiobook,Guillaume Lessard,iD01t Productions,en,2024-01-01,https://books.google.com/books/content?id=6G5zEQAAQBAJ&printsec=frontcover&img=1&zoom=3&source=gbs_api,https://play.google.com/store/books/details?id=6G5zEQAAQBAJ,9.99
ewtZEQAAQBAJ,Light at the Veil‚Äôs Edge,,Audiobook,Guillaume Lessard,iD01t Productions,en,2024-01-01,https://books.google.com/books/content?id=ewtZEQAAQBAJ&printsec=frontcover&img=1&zoom=3&source=gbs_api,https://play.google.com/store/books/details?id=ewtZEQAAQBAJ,9.99
ak1nEQAAQBAJ,L‚Äô√ânergie Libre √† Domicile,,Audiobook,Guillaume Lessard,iD01t Productions,en,2024-01-01,https://books.google.com/books/content?id=ak1nEQAAQBAJ&printsec=frontcover&img=1&zoom=3&source=gbs_api,https://play.google.com/store/books/details?id=ak1nEQAAQBAJ,9.99
WDRJEQAAQBAJ,L'√©nigme quantique : Percer les myst√®res de la r√©alit√©,,Audiobook,Guillaume Lessard,iD01t Productions,en,2024-01-01,https://books.google.com/books/content?id=WDRJEQAAQBAJ&printsec=frontcover&img=1&zoom=3&source=gbs_api,https://play.google.com/store/books/details?id=WDRJEQAAQBAJ,9.99
Zs45EQAAQBAJ,Love Prevails 2,,Audiobook,Guillaume Lessard,iD01t Productions,en,2024-01-01,https://books.google.com/books/content?id=Zs45EQAAQBAJ&printsec=frontcover&img=1&zoom=3&source=gbs_api,https://play.google.com/store/books/details?id=Zs45EQAAQBAJ,9.99
ZM45EQAAQBAJ,Love Prevails,,Audiobook,Guillaume Lessard,iD01t Productions,en,2024-01-01,https://books.google.com/books/content?id=ZM45EQAAQBAJ&printsec=frontcover&img=1&zoom=3&source=gbs_api,https://play.google.com/store/books/details?id=ZM45EQAAQBAJ,9.99
aXpLEQAAQBAJ,Maailmojen yhdist√§minen,,Audiobook,Guillaume Lessard,iD01t Productions,en,2024-01-01,https://books.google.com/books/content?id=aXpLEQAAQBAJ&printsec=frontcover&img=1&zoom=3&source=gbs_api,https://play.google.com/store/books/details?id=aXpLEQAAQBAJ,9.99
om8-EQAAQBAJ,Machine Learning Demystified: A Practical Guide to Building Smarter Systems,,Audiobook,Guillaume Lessard,iD01t Productions,en,2024-01-01,https://books.google.com/books/content?id=om8-EQAAQBAJ&printsec=frontcover&img=1&zoom=3&source=gbs_api,https://play.google.com/store/books/details?id=om8-EQAAQBAJ,9.99
VRc4EQAAQBAJ,Master IT Yourself,,Audiobook,Guillaume Lessard,iD01t Productions,en,2024-01-01,https://books.google.com/books/content?id=VRc4EQAAQBAJ&printsec=frontcover&img=1&zoom=3&source=gbs_api,https://play.google.com/store/books/details?id=VRc4EQAAQBAJ,9.99
X-84EQAAQBAJ,Master the Basics of Reading Music,,Audiobook,Guillaume Lessard,iD01t Productions,en,2024-01-01,https://books.google.com/books/content?id=X-84EQAAQBAJ&printsec=frontcover&img=1&zoom=3&source=gbs_api,https://play.google.com/store/books/details?id=X-84EQAAQBAJ,9.99
R4dBEQAAQBAJ,Mastering AEO The Ultimate Guide to Advanced Ecommerce Optimization,,Audiobook,Guillaume Lessard,iD01t Productions,en,2024-01-01,https://books.google.com/books/content?id=R4dBEQAAQBAJ&printsec=frontcover&img=1&zoom=3&source=gbs_api,https://play.google.com/store/books/details?id=R4dBEQAAQBAJ,9.99
8vg5EQAAQBAJ,Mastering Blender,,Audiobook,Guillaume Lessard,iD01t Productions,en,2024-01-01,https://books.google.com/books/content?id=8vg5EQAAQBAJ&printsec=frontcover&img=1&zoom=3&source=gbs_api,https://play.google.com/store/books/details?id=8vg5EQAAQBAJ,9.99
rWuCEQAAQBAJ,Mastering Chess Intuition,,Audiobook,Guillaume Lessard,iD01t Productions,en,2024-01-01,https://books.google.com/books/content?id=rWuCEQAAQBAJ&printsec=frontcover&img=1&zoom=3&source=gbs_api,https://play.google.com/store/books/details?id=rWuCEQAAQBAJ,9.99
exc4EQAAQBAJ,Mastering Generative AI and LLMs - Editon 2,,Audiobook,Guillaume Lessard,iD01t Productions,en,2024-01-01,https://books.google.com/books/content?id=exc4EQAAQBAJ&printsec=frontcover&img=1&zoom=3&source=gbs_api,https://play.google.com/store/books/details?id=exc4EQAAQBAJ,9.99
YrtAEQAAQBAJ,Mastering GPT Creation: From Concept to Deployment,,Audiobook,Guillaume Lessard,iD01t Productions,en,2024-01-01,https://books.google.com/books/content?id=YrtAEQAAQBAJ&printsec=frontcover&img=1&zoom=3&source=gbs_api,https://play.google.com/store/books/details?id=YrtAEQAAQBAJ,9.99
wfs5EQAAQBAJ,Mastering Linux,,Audiobook,Guillaume Lessard,iD01t Productions,en,2024-01-01,https://books.google.com/books/content?id=wfs5EQAAQBAJ&printsec=frontcover&img=1&zoom=3&source=gbs_api,https://play.google.com/store/books/details?id=wfs5EQAAQBAJ,9.99
Bvk5EQAAQBAJ,Mastering macOS Terminal,,Audiobook,Guillaume Lessard,iD01t Productions,en,2024-01-01,https://books.google.com/books/content?id=Bvk5EQAAQBAJ&printsec=frontcover&img=1&zoom=3&source=gbs_api,https://play.google.com/store/books/details?id=Bvk5EQAAQBAJ,9.99
3Q9HEQAAQBAJ,Mastering Photoshop: The Complete Guide to Every Version,,Audiobook,Guillaume Lessard,iD01t Productions,en,2024-01-01,https://books.google.com/books/content?id=3Q9HEQAAQBAJ&printsec=frontcover&img=1&zoom=3&source=gbs_api,https://play.google.com/store/books/details?id=3Q9HEQAAQBAJ,9.99
2aRMEQAAQBAJ,Mastering Quantum Error Correction,,Audiobook,Guillaume Lessard,iD01t Productions,en,2024-01-01,https://books.google.com/books/content?id=2aRMEQAAQBAJ&printsec=frontcover&img=1&zoom=3&source=gbs_api,https://play.google.com/store/books/details?id=2aRMEQAAQBAJ,9.99
yfs5EQAAQBAJ,Mastering RFID: Unlocking the Potential of Radio Frequency Identification,,Audiobook,Guillaume Lessard,iD01t Productions,en,2024-01-01,https://books.google.com/books/content?id=yfs5EQAAQBAJ&printsec=frontcover&img=1&zoom=3&source=gbs_api,https://play.google.com/store/books/details?id=yfs5EQAAQBAJ,9.99
lCFAEQAAQBAJ,Mastering the Game: The Ultimate Guide to Pro Chess Strategies,,Audiobook,Guillaume Lessard,iD01t Productions,en,2024-01-01,https://books.google.com/books/content?id=lCFAEQAAQBAJ&printsec=frontcover&img=1&zoom=3&source=gbs_api,https://play.google.com/store/books/details?id=lCFAEQAAQBAJ,9.99
Pvk5EQAAQBAJ,Mastering Unreal Engine 5: A Comprehensive Guide to Game Development and Virtual Reality,,Audiobook,Guillaume Lessard,iD01t Productions,en,2024-01-01,https://books.google.com/books/content?id=Pvk5EQAAQBAJ&printsec=frontcover&img=1&zoom=3&source=gbs_api,https://play.google.com/store/books/details?id=Pvk5EQAAQBAJ,9.99
Fdo5EQAAQBAJ,Mastering Xcode,,Audiobook,Guillaume Lessard,iD01t Productions,en,2024-01-01,https://books.google.com/books/content?id=Fdo5EQAAQBAJ&printsec=frontcover&img=1&zoom=3&source=gbs_api,https://play.google.com/store/books/details?id=Fdo5EQAAQBAJ,9.99
uQ5-EQAAQBAJ,Ma√Ætrise des √âchecs : Guide du pro pour des strat√©gies et des techniques gagnantes,,Audiobook,Guillaume Lessard,iD01t Productions,en,2024-01-01,https://books.google.com/books/content?id=uQ5-EQAAQBAJ&printsec=frontcover&img=1&zoom=3&source=gbs_api,https://play.google.com/store/books/details?id=uQ5-EQAAQBAJ,9.99
pDJJEQAAQBAJ,Ma√Ætrise des √©checs,,Audiobook,Guillaume Lessard,iD01t Productions,en,2024-01-01,https://books.google.com/books/content?id=pDJJEQAAQBAJ&printsec=frontcover&img=1&zoom=3&source=gbs_api,https://play.google.com/store/books/details?id=pDJJEQAAQBAJ,9.99
bQ5-EQAAQBAJ,Meisterschaft im Schach,,Audiobook,Guillaume Lessard,iD01t Productions,en,2024-01-01,https://books.google.com/books/content?id=bQ5-EQAAQBAJ&printsec=frontcover&img=1&zoom=3&source=gbs_api,https://play.google.com/store/books/details?id=bQ5-EQAAQBAJ,9.99
53lLEQAAQBAJ,Menjembatani Dunia,,Audiobook,Guillaume Lessard,iD01t Productions,en,2024-01-01,https://books.google.com/books/content?id=53lLEQAAQBAJ&printsec=frontcover&img=1&zoom=3&source=gbs_api,https://play.google.com/store/books/details?id=53lLEQAAQBAJ,9.99
ltSBEQAAQBAJ,Onyx Storm,,Audiobook,Guillaume Lessard,iD01t Productions,en,2024-01-01,https://books.google.com/books/content?id=ltSBEQAAQBAJ&printsec=frontcover&img=1&zoom=3&source=gbs_api,https://play.google.com/store/books/details?id=ltSBEQAAQBAJ,9.99
BgdnEQAAQBAJ,Panneaux Solaires Organiques : L‚Äô√ânergie Vivante du Futur,,Audiobook,Guillaume Lessard,iD01t Productions,en,2024-01-01,https://books.google.com/books/content?id=BgdnEQAAQBAJ&printsec=frontcover&img=1&zoom=3&source=gbs_api,https://play.google.com/store/books/details?id=BgdnEQAAQBAJ,9.99
kchoEQAAQBAJ,Penguasaan Catur,,Audiobook,Guillaume Lessard,iD01t Productions,en,2024-01-01,https://books.google.com/books/content?id=kchoEQAAQBAJ&printsec=frontcover&img=1&zoom=3&source=gbs_api,https://play.google.com/store/books/details?id=kchoEQAAQBAJ,9.99
HHR4EQAAQBAJ,Python Mastery: The Complete Guide to Building Profitable Applications,,Audiobook,Guillaume Lessard,iD01t Productions,en,2024-01-01,https://books.google.com/books/content?id=HHR4EQAAQBAJ&printsec=frontcover&img=1&zoom=3&source=gbs_api,https://play.google.com/store/books/details?id=HHR4EQAAQBAJ,9.99
W449EQAAQBAJ,Python Prodigy: From Intermediate to Expert Mastery,,Audiobook,Guillaume Lessard,iD01t Productions,en,2024-01-01,https://books.google.com/books/content?id=W449EQAAQBAJ&printsec=frontcover&img=1&zoom=3&source=gbs_api,https://play.google.com/store/books/details?id=W449EQAAQBAJ,9.99
MwtZEQAAQBAJ,Quantum Code Mastery,,Audiobook,Guillaume Lessard,iD01t Productions,en,2024-01-01,https://books.google.com/books/content?id=MwtZEQAAQBAJ&printsec=frontcover&img=1&zoom=3&source=gbs_api,https://play.google.com/store/books/details?id=MwtZEQAAQBAJ,9.99
ls1YEQAAQBAJ,Quantum Echoes: The Resonance of Time,,Audiobook,Guillaume Lessard,iD01t Productions,en,2024-01-01,https://books.google.com/books/content?id=ls1YEQAAQBAJ&printsec=frontcover&img=1&zoom=3&source=gbs_api,https://play.google.com/store/books/details?id=ls1YEQAAQBAJ,9.99
psZYEQAAQBAJ,Quantum Jumping Unlocked Edition 2,,Audiobook,Guillaume Lessard,iD01t Productions,en,2024-01-01,https://books.google.com/books/content?id=psZYEQAAQBAJ&printsec=frontcover&img=1&zoom=3&source=gbs_api,https://play.google.com/store/books/details?id=psZYEQAAQBAJ,9.99
9rxAEQAAQBAJ,Quantum Revolution: Unveiling the Future with Willow,,Audiobook,Guillaume Lessard,iD01t Productions,en,2024-01-01,https://books.google.com/books/content?id=9rxAEQAAQBAJ&printsec=frontcover&img=1&zoom=3&source=gbs_api,https://play.google.com/store/books/details?id=9rxAEQAAQBAJ,9.99
eQJkEQAAQBAJ,Quantum Tao,,Audiobook,Guillaume Lessard,iD01t Productions,en,2024-01-01,https://books.google.com/books/content?id=eQJkEQAAQBAJ&printsec=frontcover&img=1&zoom=3&source=gbs_api,https://play.google.com/store/books/details?id=eQJkEQAAQBAJ,9.99
SZ5wEQAAQBAJ,RA‚Äë7: The Sacred Book of the Original Broadcast,,Audiobook,Guillaume Lessard,iD01t Productions,en,2024-01-01,https://books.google.com/books/content?id=SZ5wEQAAQBAJ&printsec=frontcover&img=1&zoom=3&source=gbs_api,https://play.google.com/store/books/details?id=SZ5wEQAAQBAJ,9.99
nNVlEQAAQBAJ,REAL,,Audiobook,Guillaume Lessard,iD01t Productions,en,2024-01-01,https://books.google.com/books/content?id=nNVlEQAAQBAJ&printsec=frontcover&img=1&zoom=3&source=gbs_api,https://play.google.com/store/books/details?id=nNVlEQAAQBAJ,9.99
vCxJEQAAQBAJ,Reality Unveiled: How Consciousness Shapes the World We Perceive,,Audiobook,Guillaume Lessard,iD01t Productions,en,2024-01-01,https://books.google.com/books/content?id=vCxJEQAAQBAJ&printsec=frontcover&img=1&zoom=3&source=gbs_api,https://play.google.com/store/books/details?id=vCxJEQAAQBAJ,9.99
V292EQAAQBAJ,Reignite the Bond,,Audiobook,Guillaume Lessard,iD01t Productions,en,2024-01-01,https://books.google.com/books/content?id=V292EQAAQBAJ&printsec=frontcover&img=1&zoom=3&source=gbs_api,https://play.google.com/store/books/details?id=V292EQAAQBAJ,9.99
ios9EQAAQBAJ,Rising from the Ashes: A Comprehensive Guide to Recovery after the Hollywood Hills Fire 2025,,Audiobook,Guillaume Lessard,iD01t Productions,en,2024-01-01,https://books.google.com/books/content?id=ios9EQAAQBAJ&printsec=frontcover&img=1&zoom=3&source=gbs_api,https://play.google.com/store/books/details?id=ios9EQAAQBAJ,9.99
KrpxEQAAQBAJ,R√âVEILLEZ-VOUS : √Ä une Vie Sacr√©e,,Audiobook,Guillaume Lessard,iD01t Productions,en,2024-01-01,https://books.google.com/books/content?id=KrpxEQAAQBAJ&printsec=frontcover&img=1&zoom=3&source=gbs_api,https://play.google.com/store/books/details?id=KrpxEQAAQBAJ,9.99
o5JnEQAAQBAJ,Sacred energy harvesting methods,,Audiobook,Guillaume Lessard,iD01t Productions,en,2024-01-01,https://books.google.com/books/content?id=o5JnEQAAQBAJ&printsec=frontcover&img=1&zoom=3&source=gbs_api,https://play.google.com/store/books/details?id=o5JnEQAAQBAJ,9.99
VMdgEQAAQBAJ,Sacred Patterns: A Transformational Journey Through Geometry and Conscious Living,,Audiobook,Guillaume Lessard,iD01t Productions,en,2024-01-01,https://books.google.com/books/content?id=VMdgEQAAQBAJ&printsec=frontcover&img=1&zoom=3&source=gbs_api,https://play.google.com/store/books/details?id=VMdgEQAAQBAJ,9.99
825dEQAAQBAJ,Sacred Timing: When the Universe Speaks Through Synchronicity,,Audiobook,Guillaume Lessard,iD01t Productions,en,2024-01-01,https://books.google.com/books/content?id=825dEQAAQBAJ&printsec=frontcover&img=1&zoom=3&source=gbs_api,https://play.google.com/store/books/details?id=825dEQAAQBAJ,9.99
URVYEQAAQBAJ,Sacred Vibrational Technology,,Audiobook,Guillaume Lessard,iD01t Productions,en,2024-01-01,https://books.google.com/books/content?id=URVYEQAAQBAJ&printsec=frontcover&img=1&zoom=3&source=gbs_api,https://play.google.com/store/books/details?id=URVYEQAAQBAJ,9.99
_2uCEQAAQBAJ,Schachintuition meistern,,Audiobook,Guillaume Lessard,iD01t Productions,en,2024-01-01,https://books.google.com/books/content?id=_2uCEQAAQBAJ&printsec=frontcover&img=1&zoom=3&source=gbs_api,https://play.google.com/store/books/details?id=_2uCEQAAQBAJ,9.99
5lpMEQAAQBAJ,Se Reconstruire : De la Douleur √† la Renaissance,,Audiobook,Guillaume Lessard,iD01t Productions,en,2024-01-01,https://books.google.com/books/content?id=5lpMEQAAQBAJ&printsec=frontcover&img=1&zoom=3&source=gbs_api,https://play.google.com/store/books/details?id=5lpMEQAAQBAJ,9.99
sxQ4EQAAQBAJ,Shadows of Bloom,,Audiobook,Guillaume Lessard,iD01t Productions,en,2024-01-01,https://books.google.com/books/content?id=sxQ4EQAAQBAJ&printsec=frontcover&img=1&zoom=3&source=gbs_api,https://play.google.com/store/books/details?id=sxQ4EQAAQBAJ,9.99
Owo4EQAAQBAJ,Shadows of Redemption,,Audiobook,Guillaume Lessard,iD01t Productions,en,2024-01-01,https://books.google.com/books/content?id=Owo4EQAAQBAJ&printsec=frontcover&img=1&zoom=3&source=gbs_api,https://play.google.com/store/books/details?id=Owo4EQAAQBAJ,9.99
Q_A4EQAAQBAJ,Shadows of Serenity,,Audiobook,Guillaume Lessard,iD01t Productions,en,2024-01-01,https://books.google.com/books/content?id=Q_A4EQAAQBAJ&printsec=frontcover&img=1&zoom=3&source=gbs_api,https://play.google.com/store/books/details?id=Q_A4EQAAQBAJ,9.99
msQ6EQAAQBAJ,Shadows Reforged: The War Isn‚Äôt Ove,,Audiobook,Guillaume Lessard,iD01t Productions,en,2024-01-01,https://books.google.com/books/content?id=msQ6EQAAQBAJ&printsec=frontcover&img=1&zoom=3&source=gbs_api,https://play.google.com/store/books/details?id=msQ6EQAAQBAJ,9.99
eBQ4EQAAQBAJ,Shadows Reignited,,Audiobook,Guillaume Lessard,iD01t Productions,en,2024-01-01,https://books.google.com/books/content?id=eBQ4EQAAQBAJ&printsec=frontcover&img=1&zoom=3&source=gbs_api,https://play.google.com/store/books/details?id=eBQ4EQAAQBAJ,9.99
pqg8EQAAQBAJ,Shaping the Future: Embracing Trends for a Better Tomorrow,,Audiobook,Guillaume Lessard,iD01t Productions,en,2024-01-01,https://books.google.com/books/content?id=pqg8EQAAQBAJ&printsec=frontcover&img=1&zoom=3&source=gbs_api,https://play.google.com/store/books/details?id=pqg8EQAAQBAJ,9.99
DjRJEQAAQBAJ,Spin Mastery : Le guide ultime du DJ Traktor,,Audiobook,Guillaume Lessard,iD01t Productions,en,2024-01-01,https://books.google.com/books/content?id=DjRJEQAAQBAJ&printsec=frontcover&img=1&zoom=3&source=gbs_api,https://play.google.com/store/books/details?id=DjRJEQAAQBAJ,9.99
TPk5EQAAQBAJ,Spin Mastery,,Audiobook,Guillaume Lessard,iD01t Productions,en,2024-01-01,https://books.google.com/books/content?id=TPk5EQAAQBAJ&printsec=frontcover&img=1&zoom=3&source=gbs_api,https://play.google.com/store/books/details?id=TPk5EQAAQBAJ,9.99
7dNlEQAAQBAJ,ìÇÄ SY‚Ä¢NARCH√âON ìÇÄ,,Audiobook,Guillaume Lessard,iD01t Productions,en,2024-01-01,https://books.google.com/books/content?id=7dNlEQAAQBAJ&printsec=frontcover&img=1&zoom=3&source=gbs_api,https://play.google.com/store/books/details?id=7dNlEQAAQBAJ,9.99
-ZB-EQAAQBAJ,"T√ÅCTICAS AVANZADAS, JUEGO PSICOL√ìGICO Y PREPARACI√ìN PARA TORNEOS",,Audiobook,Guillaume Lessard,iD01t Productions,en,2024-01-01,https://books.google.com/books/content?id=-ZB-EQAAQBAJ&printsec=frontcover&img=1&zoom=3&source=gbs_api,https://play.google.com/store/books/details?id=-ZB-EQAAQBAJ,9.99
U8ZAEQAAQBAJ,"The Adventure of iD01t Productions: A Story of Passion, Resilience and Creativity",,Audiobook,Guillaume Lessard,iD01t Productions,en,2024-01-01,https://books.google.com/books/content?id=U8ZAEQAAQBAJ&printsec=frontcover&img=1&zoom=3&source=gbs_api,https://play.google.com/store/books/details?id=U8ZAEQAAQBAJ,9.99
H_A4EQAAQBAJ,The Architect‚Äôs Legacy,,Audiobook,Guillaume Lessard,iD01t Productions,en,2024-01-01,https://books.google.com/books/content?id=H_A4EQAAQBAJ&printsec=frontcover&img=1&zoom=3&source=gbs_api,https://play.google.com/store/books/details?id=H_A4EQAAQBAJ,9.99
FvN4EQAAQBAJ,The Art of Beauty,,Audiobook,Guillaume Lessard,iD01t Productions,en,2024-01-01,https://books.google.com/books/content?id=FvN4EQAAQBAJ&printsec=frontcover&img=1&zoom=3&source=gbs_api,https://play.google.com/store/books/details?id=FvN4EQAAQBAJ,9.99
L9o5EQAAQBAJ,The Artifact‚Äôs Whisper,,Audiobook,Guillaume Lessard,iD01t Productions,en,2024-01-01,https://books.google.com/books/content?id=L9o5EQAAQBAJ&printsec=frontcover&img=1&zoom=3&source=gbs_api,https://play.google.com/store/books/details?id=L9o5EQAAQBAJ,9.99
boCAEQAAQBAJ,The Complete Beginner to Intermediate Guide to JSON for Veo 3 Prompting,,Audiobook,Guillaume Lessard,iD01t Productions,en,2024-01-01,https://books.google.com/books/content?id=boCAEQAAQBAJ&printsec=frontcover&img=1&zoom=3&source=gbs_api,https://play.google.com/store/books/details?id=boCAEQAAQBAJ,9.99
pHR5EQAAQBAJ,The Digital Aftermath: Navigating Life Beyond the Great Platform Collapse,,Audiobook,Guillaume Lessard,iD01t Productions,en,2024-01-01,https://books.google.com/books/content?id=pHR5EQAAQBAJ&printsec=frontcover&img=1&zoom=3&source=gbs_api,https://play.google.com/store/books/details?id=pHR5EQAAQBAJ,9.99
khhJEQAAQBAJ,The Dream Dialogue,,Audiobook,Guillaume Lessard,iD01t Productions,en,2024-01-01,https://books.google.com/books/content?id=khhJEQAAQBAJ&printsec=frontcover&img=1&zoom=3&source=gbs_api,https://play.google.com/store/books/details?id=khhJEQAAQBAJ,9.99
ZZs9EQAAQBAJ,The End of an Era: The TikTok Shutdown in the USA,,Audiobook,Guillaume Lessard,iD01t Productions,en,2024-01-01,https://books.google.com/books/content?id=ZZs9EQAAQBAJ&printsec=frontcover&img=1&zoom=3&source=gbs_api,https://play.google.com/store/books/details?id=ZZs9EQAAQBAJ,9.99
yLteEQAAQBAJ,The Frequency Blueprint,,Audiobook,Guillaume Lessard,iD01t Productions,en,2024-01-01,https://books.google.com/books/content?id=yLteEQAAQBAJ&printsec=frontcover&img=1&zoom=3&source=gbs_api,https://play.google.com/store/books/details?id=yLteEQAAQBAJ,9.99
PHdzEQAAQBAJ,THE LAST BOW,,Audiobook,Guillaume Lessard,iD01t Productions,en,2024-01-01,https://books.google.com/books/content?id=PHdzEQAAQBAJ&printsec=frontcover&img=1&zoom=3&source=gbs_api,https://play.google.com/store/books/details?id=PHdzEQAAQBAJ,9.99
se44EQAAQBAJ,The Maglev Revolution,,Audiobook,Guillaume Lessard,iD01t Productions,en,2024-01-01,https://books.google.com/books/content?id=se44EQAAQBAJ&printsec=frontcover&img=1&zoom=3&source=gbs_api,https://play.google.com/store/books/details?id=se44EQAAQBAJ,9.99
dtI5EQAAQBAJ,The Many Realities,,Audiobook,Guillaume Lessard,iD01t Productions,en,2024-01-01,https://books.google.com/books/content?id=dtI5EQAAQBAJ&printsec=frontcover&img=1&zoom=3&source=gbs_api,https://play.google.com/store/books/details?id=dtI5EQAAQBAJ,9.99
l_M6EQAAQBAJ,The Power of Repetition: Transforming Minds Through Words,,Audiobook,Guillaume Lessard,iD01t Productions,en,2024-01-01,https://books.google.com/books/content?id=l_M6EQAAQBAJ&printsec=frontcover&img=1&zoom=3&source=gbs_api,https://play.google.com/store/books/details?id=l_M6EQAAQBAJ,9.99
3u5GEQAAQBAJ,The Quantum Enigma: Unraveling the Mysteries of Reality,,Audiobook,Guillaume Lessard,iD01t Productions,en,2024-01-01,https://books.google.com/books/content?id=3u5GEQAAQBAJ&printsec=frontcover&img=1&zoom=3&source=gbs_api,https://play.google.com/store/books/details?id=3u5GEQAAQBAJ,9.99
lCV2EQAAQBAJ,The Quantum Passive Empire,,Audiobook,Guillaume Lessard,iD01t Productions,en,2024-01-01,https://books.google.com/books/content?id=lCV2EQAAQBAJ&printsec=frontcover&img=1&zoom=3&source=gbs_api,https://play.google.com/store/books/details?id=lCV2EQAAQBAJ,9.99
PoCAEQAAQBAJ,The Real Guide To Using AI To Generate Perfect Veo 3 Requests,,Audiobook,Guillaume Lessard,iD01t Productions,en,2024-01-01,https://books.google.com/books/content?id=PoCAEQAAQBAJ&printsec=frontcover&img=1&zoom=3&source=gbs_api,https://play.google.com/store/books/details?id=PoCAEQAAQBAJ,9.99
zvg5EQAAQBAJ,The Secrets of Oak Island,,Audiobook,Guillaume Lessard,iD01t Productions,en,2024-01-01,https://books.google.com/books/content?id=zvg5EQAAQBAJ&printsec=frontcover&img=1&zoom=3&source=gbs_api,https://play.google.com/store/books/details?id=zvg5EQAAQBAJ,9.99
dON1EQAAQBAJ,THE SUN IS NOT WHAT YOU WERE TOLD,,Audiobook,Guillaume Lessard,iD01t Productions,en,2024-01-01,https://books.google.com/books/content?id=dON1EQAAQBAJ&printsec=frontcover&img=1&zoom=3&source=gbs_api,https://play.google.com/store/books/details?id=dON1EQAAQBAJ,9.99
Ww1ZEQAAQBAJ,The Third State: Life Between Life and Death,,Audiobook,Guillaume Lessard,iD01t Productions,en,2024-01-01,https://books.google.com/books/content?id=Ww1ZEQAAQBAJ&printsec=frontcover&img=1&zoom=3&source=gbs_api,https://play.google.com/store/books/details?id=Ww1ZEQAAQBAJ,9.99
-FA5EQAAQBAJ,To the Top of the Mountain,,Audiobook,Guillaume Lessard,iD01t Productions,en,2024-01-01,https://books.google.com/books/content?id=-FA5EQAAQBAJ&printsec=frontcover&img=1&zoom=3&source=gbs_api,https://play.google.com/store/books/details?id=-FA5EQAAQBAJ,9.99
RWZ-EQAAQBAJ,TRAKTOR MASTERY: The Complete Professional DJ System,,Audiobook,Guillaume Lessard,iD01t Productions,en,2024-01-01,https://books.google.com/books/content?id=RWZ-EQAAQBAJ&printsec=frontcover&img=1&zoom=3&source=gbs_api,https://play.google.com/store/books/details?id=RWZ-EQAAQBAJ,9.99
RPheEQAAQBAJ,Turing‚Äôs Legacy: Classical Logic to Quantum Revolution,,Audiobook,Guillaume Lessard,iD01t Productions,en,2024-01-01,https://books.google.com/books/content?id=RPheEQAAQBAJ&printsec=frontcover&img=1&zoom=3&source=gbs_api,https://play.google.com/store/books/details?id=RPheEQAAQBAJ,9.99
ksU6EQAAQBAJ,Understanding Your Cat's Mind - Edition 2,,Audiobook,Guillaume Lessard,iD01t Productions,en,2024-01-01,https://books.google.com/books/content?id=ksU6EQAAQBAJ&printsec=frontcover&img=1&zoom=3&source=gbs_api,https://play.google.com/store/books/details?id=ksU6EQAAQBAJ,9.99
33eCEQAAQBAJ,Understanding Your Cat‚Äôs Mind,,Audiobook,Guillaume Lessard,iD01t Productions,en,2024-01-01,https://books.google.com/books/content?id=33eCEQAAQBAJ&printsec=frontcover&img=1&zoom=3&source=gbs_api,https://play.google.com/store/books/details?id=33eCEQAAQBAJ,9.99
CXpLEQAAQBAJ,Uniendo mundos,,Audiobook,Guillaume Lessard,iD01t Productions,en,2024-01-01,https://books.google.com/books/content?id=CXpLEQAAQBAJ&printsec=frontcover&img=1&zoom=3&source=gbs_api,https://play.google.com/store/books/details?id=CXpLEQAAQBAJ,9.99
Q3pLEQAAQBAJ,Unire i mondi,,Audiobook,Guillaume Lessard,iD01t Productions,en,2024-01-01,https://books.google.com/books/content?id=Q3pLEQAAQBAJ&printsec=frontcover&img=1&zoom=3&source=gbs_api,https://play.google.com/store/books/details?id=Q3pLEQAAQBAJ,9.99
q7s5EQAAQBAJ,Unstoppable: The Ultimate Guide to Unlocking Your Potential and Achieving Success,,Audiobook,Guillaume Lessard,iD01t Productions,en,2024-01-01,https://books.google.com/books/content?id=q7s5EQAAQBAJ&printsec=frontcover&img=1&zoom=3&source=gbs_api,https://play.google.com/store/books/details?id=q7s5EQAAQBAJ,9.99
QMQ6EQAAQBAJ,Veil of Echoes,,Audiobook,Guillaume Lessard,iD01t Productions,en,2024-01-01,https://books.google.com/books/content?id=QMQ6EQAAQBAJ&printsec=frontcover&img=1&zoom=3&source=gbs_api,https://play.google.com/store/books/details?id=QMQ6EQAAQBAJ,9.99
lRc4EQAAQBAJ,Visual Basic Zero to Hero (Edition #2),,Audiobook,Guillaume Lessard,iD01t Productions,en,2024-01-01,https://books.google.com/books/content?id=lRc4EQAAQBAJ&printsec=frontcover&img=1&zoom=3&source=gbs_api,https://play.google.com/store/books/details?id=lRc4EQAAQBAJ,9.99
LQ1ZEQAAQBAJ,When Cells Listen: The Hidden Symphony of Sound and Gene Expression,,Audiobook,Guillaume Lessard,iD01t Productions,en,2024-01-01,https://books.google.com/books/content?id=LQ1ZEQAAQBAJ&printsec=frontcover&img=1&zoom=3&source=gbs_api,https://play.google.com/store/books/details?id=LQ1ZEQAAQBAJ,9.99
Rvk5EQAAQBAJ,Windows Zero to Hero,,Audiobook,Guillaume Lessard,iD01t Productions,en,2024-01-01,https://books.google.com/books/content?id=Rvk5EQAAQBAJ&printsec=frontcover&img=1&zoom=3&source=gbs_api,https://play.google.com/store/books/details?id=Rvk5EQAAQBAJ,9.99
o3c6EQAAQBAJ,Zen and the Art of Resilient Living,,Audiobook,Guillaume Lessard,iD01t Productions,en,2024-01-01,https://books.google.com/books/content?id=o3c6EQAAQBAJ&printsec=frontcover&img=1&zoom=3&source=gbs_api,https://play.google.com/store/books/details?id=o3c6EQAAQBAJ,9.99
V_05EQAAQBAJ,Zen and the Art of Self-Confidence,,Audiobook,Guillaume Lessard,iD01t Productions,en,2024-01-01,https://books.google.com/books/content?id=V_05EQAAQBAJ&printsec=frontcover&img=1&zoom=3&source=gbs_api,https://play.google.com/store/books/details?id=V_05EQAAQBAJ,9.99
